mob,name,vanilla_base,also,rig
regolith_crawler,Regolith Crawler,minecraft:spider,minecraft:silverfish,"Spider layout: low body, head in front, legs in pairs splayed sideways (we have 3 pairs instead of 4)."
rust_beetle,Rust Beetle,minecraft:armadillo,minecraft:llama minecraft:goat,"Armadillo layout: domed shell over a small body, short legs, head low at the front. Horn on the head bone."
crystal_stag,Crystal Stag,minecraft:horse,minecraft:goat,"Horse layout: long legs, neck and head raised in front, tail at the back. Antlers sit on the head bone."
prismling,Prismling,minecraft:endermite,minecraft:silverfish,Endermite layout: small body segments close to the ground; crystal spikes ride the body bone.
cinder_hound,Cinder Hound,minecraft:wolf,,"Wolf layout exactly: body, mane, head with snout and ears, 4 legs, tail."
frost_warden,Frost Warden,minecraft:vindicator,minecraft:warden minecraft:iron_golem,"Vindicator (illager) layout: head, body, 2 arms, 2 legs; the glaive is held in the right arm like the vindicator axe. Walk weight from the warden."
flare_sprite,Flare Sprite,minecraft:vex,minecraft:blaze,"Vex layout: small flying humanoid with two wings, no legs used."
sun_colossus,Sun Colossus,minecraft:iron_golem,minecraft:warden,"Iron golem layout: big body, small head, long arms, 2 legs."
dune_burrower,Dune Burrower,minecraft:silverfish,minecraft:sniffer minecraft:warden,Silverfish layout scaled up: a chain of segments with a big head segment.
ash_strider,Ash Strider,minecraft:strider,,"Strider layout exactly: body block on two long legs, bristles on the body."
rime_stalker,Rime Stalker,minecraft:ocelot,minecraft:wolf,"Ocelot/cat layout: long body, 4 legs, long tail, head with ears. Spines on the body bone."
bog_lurker,Bog Lurker,minecraft:axolotl,minecraft:frog,"Axolotl layout scaled up: long flat body, 4 short legs, tail, wide head."
crater_drifter,Crater Drifter,minecraft:ghast,minecraft:allay,"Ghast layout, small: floating body with hanging tendrils."
prism_sentinel,Prism Sentinel,minecraft:blaze,minecraft:guardian minecraft:elder_guardian,"Blaze layout: floating core with an orbit bone for the shards (like the blaze rods), no legs."
rift_tyrant,Rift Tyrant,minecraft:ravager,minecraft:warden,"Ravager layout: huge body, heavy head with jaw, 4 legs. Spines on the body bone."
eidolon_captain,Eidolon Captain,minecraft:vindicator,minecraft:evoker minecraft:vex,"Vindicator (illager) layout: the cutlass in the right arm, the lantern in the left. Rendered see-through like a vex."
dying_star,The Dying Star,minecraft:wither,minecraft:blaze minecraft:ender_dragon,Wither-style floating boss: core body with ray bones orbiting like blaze rods; Vael is a bone on top.
moon_hopper,Moon Hopper,minecraft:rabbit,,"Rabbit layout exactly: body, head, long ears, big hind feet."
dust_grazer,Dust Grazer,minecraft:cow,minecraft:goat,"Cow layout: body, head with curved horns, 4 legs; the mane is an extra layer on the body."
azure_fowl,Azure Fowl,minecraft:chicken,minecraft:parrot,"Chicken layout exactly: body, head, beak, wings, two legs. Crest on the head bone."
glimmerfish,Glimmerfish,minecraft:tropical_fish,minecraft:salmon,"Tropical fish layout: body, tail fin, top and side fins."
slag_boar,Slag Boar,minecraft:hoglin,,"Hoglin layout exactly: big head with tusks, body, 4 legs. Our tail is an extra bone."
scorch_wyrmling,Scorch Wyrmling,minecraft:parrot,minecraft:phantom minecraft:blaze,"Parrot layout: small body that walks and glides, two wings, tail; head on a short neck."
frost_yak,Frost Yak,minecraft:cow,minecraft:sheep minecraft:llama,"Cow layout: big body, head with horns, 4 legs. Wool is an extra layer on the body, like the sheep wool layer."
ice_leech,Ice Leech,minecraft:silverfish,,"Silverfish layout: a chain of body segments, each its own bone."
gildcrab,Gildcrab,minecraft:spider,minecraft:armadillo,"Spider layout turned sideways: body wider than long, legs splayed left and right; pincers are extra front arm bones."
deep_eel,Deep Eel,minecraft:dolphin,minecraft:guardian minecraft:drowned,"Dolphin layout stretched into an eel: head, body segments, tail."
sand_skitter,Sand Skitter,minecraft:spider,minecraft:silverfish,"Spider layout: body and head low, 6-8 splayed legs; the stinger tail is an extra bone chain arched over the back."
