mob,animation,exists,loop
regolith_crawler,animation.regolith_crawler.idle,True,True
regolith_crawler,animation.regolith_crawler.walk,True,True
regolith_crawler,animation.regolith_crawler.burrow,False,True
regolith_crawler,animation.regolith_crawler.emerge,False,False
regolith_crawler,animation.regolith_crawler.lunge,False,False
regolith_crawler,animation.regolith_crawler.death,False,False
rust_beetle,animation.rust_beetle.idle,True,True
rust_beetle,animation.rust_beetle.walk,True,True
rust_beetle,animation.rust_beetle.ram,False,False
rust_beetle,animation.rust_beetle.hop,False,False
rust_beetle,animation.rust_beetle.graze,False,False
crystal_stag,animation.crystal_stag.idle,True,True
crystal_stag,animation.crystal_stag.walk,True,True
crystal_stag,animation.crystal_stag.run,False,True
crystal_stag,animation.crystal_stag.graze,False,False
prismling,animation.prismling.idle,True,True
prismling,animation.prismling.walk,True,True
prismling,animation.prismling.attack,False,False
prismling,animation.prismling.shatter,False,False
cinder_hound,animation.cinder_hound.idle,True,True
cinder_hound,animation.cinder_hound.walk,True,True
cinder_hound,animation.cinder_hound.run,False,True
cinder_hound,animation.cinder_hound.lunge,False,False
cinder_hound,animation.cinder_hound.bite,False,False
frost_warden,animation.frost_warden.idle,True,True
frost_warden,animation.frost_warden.walk,True,True
frost_warden,animation.frost_warden.sweep,False,False
frost_warden,animation.frost_warden.summon,False,False
frost_warden,animation.frost_warden.death,False,False
flare_sprite,animation.flare_sprite.fly,False,True
flare_sprite,animation.flare_sprite.attack,False,False
sun_colossus,animation.sun_colossus.dormant,False,True
sun_colossus,animation.sun_colossus.wake,False,False
sun_colossus,animation.sun_colossus.walk,True,True
sun_colossus,animation.sun_colossus.slam,False,False
sun_colossus,animation.sun_colossus.core_open,False,False
sun_colossus,animation.sun_colossus.death,False,False
dune_burrower,animation.dune_burrower.burrow,False,True
dune_burrower,animation.dune_burrower.burst,False,False
dune_burrower,animation.dune_burrower.swallow,False,False
dune_burrower,animation.dune_burrower.walk,True,True
dune_burrower,animation.dune_burrower.attack,False,False
ash_strider,animation.ash_strider.idle,True,True
ash_strider,animation.ash_strider.walk,True,True
ash_strider,animation.ash_strider.stomp,False,False
rime_stalker,animation.rime_stalker.idle,True,True
rime_stalker,animation.rime_stalker.walk,True,True
rime_stalker,animation.rime_stalker.pounce,False,False
rime_stalker,animation.rime_stalker.attack,False,False
bog_lurker,animation.bog_lurker.idle,True,True
bog_lurker,animation.bog_lurker.walk,True,True
bog_lurker,animation.bog_lurker.swim,False,True
bog_lurker,animation.bog_lurker.spit,False,False
crater_drifter,animation.crater_drifter.float,False,True
crater_drifter,animation.crater_drifter.attack,False,False
prism_sentinel,animation.prism_sentinel.idle,True,True
prism_sentinel,animation.prism_sentinel.beam,False,False
prism_sentinel,animation.prism_sentinel.shard_spin,False,False
prism_sentinel,animation.prism_sentinel.core_open,False,False
prism_sentinel,animation.prism_sentinel.death,False,False
rift_tyrant,animation.rift_tyrant.idle,True,True
rift_tyrant,animation.rift_tyrant.walk,True,True
rift_tyrant,animation.rift_tyrant.charge,False,False
rift_tyrant,animation.rift_tyrant.claw,False,False
rift_tyrant,animation.rift_tyrant.roar,False,False
rift_tyrant,animation.rift_tyrant.shard_volley,False,False
rift_tyrant,animation.rift_tyrant.death,False,False
eidolon_captain,animation.eidolon_captain.idle,True,True
eidolon_captain,animation.eidolon_captain.walk,True,True
eidolon_captain,animation.eidolon_captain.slash,False,False
eidolon_captain,animation.eidolon_captain.summon,False,False
eidolon_captain,animation.eidolon_captain.lantern,False,False
eidolon_captain,animation.eidolon_captain.yield,False,False
eidolon_captain,animation.eidolon_captain.death,False,False
dying_star,animation.dying_star.idle,True,True
dying_star,animation.dying_star.flare,False,False
dying_star,animation.dying_star.sweep,False,False
dying_star,animation.dying_star.collapse,False,False
dying_star,animation.dying_star.death,False,False
moon_hopper,animation.moon_hopper.idle,True,True
moon_hopper,animation.moon_hopper.hop,False,False
moon_hopper,animation.moon_hopper.graze,False,False
dust_grazer,animation.dust_grazer.idle,True,True
dust_grazer,animation.dust_grazer.walk,True,True
dust_grazer,animation.dust_grazer.run,False,True
dust_grazer,animation.dust_grazer.graze,False,False
azure_fowl,animation.azure_fowl.idle,True,True
azure_fowl,animation.azure_fowl.walk,True,True
azure_fowl,animation.azure_fowl.glide,False,True
azure_fowl,animation.azure_fowl.flap,False,False
glimmerfish,animation.glimmerfish.swim,False,True
glimmerfish,animation.glimmerfish.flop,False,False
slag_boar,animation.slag_boar.idle,True,True
slag_boar,animation.slag_boar.walk,True,True
slag_boar,animation.slag_boar.charge,False,False
slag_boar,animation.slag_boar.root,False,False
scorch_wyrmling,animation.scorch_wyrmling.idle,True,True
scorch_wyrmling,animation.scorch_wyrmling.walk,True,True
scorch_wyrmling,animation.scorch_wyrmling.glide,False,True
scorch_wyrmling,animation.scorch_wyrmling.spit,False,False
scorch_wyrmling,animation.scorch_wyrmling.bite,False,False
frost_yak,animation.frost_yak.idle,True,True
frost_yak,animation.frost_yak.walk,True,True
frost_yak,animation.frost_yak.graze,False,False
ice_leech,animation.ice_leech.idle,True,True
ice_leech,animation.ice_leech.crawl,False,True
ice_leech,animation.ice_leech.latch,False,False
gildcrab,animation.gildcrab.idle,True,True
gildcrab,animation.gildcrab.walk_sideways,False,True
gildcrab,animation.gildcrab.pinch,False,False
gildcrab,animation.gildcrab.bask,False,False
deep_eel,animation.deep_eel.swim,False,True
deep_eel,animation.deep_eel.bite,False,False
sand_skitter,animation.sand_skitter.idle,True,True
sand_skitter,animation.sand_skitter.walk,True,True
sand_skitter,animation.sand_skitter.burst,False,False
sand_skitter,animation.sand_skitter.sting,False,False
