mob,frm,to,trigger
regolith_crawler,burrowed,emerging,"player within 3 blocks, not sneaking"
regolith_crawler,emerging,hunting,emerge anim done (20t)
regolith_crawler,hunting,lunging,"target in 3 blocks, cooldown ready"
regolith_crawler,lunging,hunting,lunge lands
regolith_crawler,hunting,burrowed,no target 200t
regolith_crawler,hunting,dead,health 0
regolith_crawler,dead,[removed],
rust_beetle,grazing,wandering,grazed / random
rust_beetle,wandering,grazing,finds rust_lichen
rust_beetle,grazing,hopping,random hop (low gravity)
rust_beetle,wandering,hopping,random hop
rust_beetle,hopping,wandering,lands
rust_beetle,grazing,angry,hurt
rust_beetle,wandering,angry,hurt
rust_beetle,angry,wandering,anger timer ends
rust_beetle,wandering,tamed,fed rust_lichen (tame roll)
rust_beetle,tamed,saddled,ferrox saddle + chest
crystal_stag,antlered,sheared (regrowing 6000t),sheared: drop starlite
crystal_stag,sheared (regrowing 6000t),antlered,6000t regrow
crystal_stag,antlered,fleeing,hurt
crystal_stag,sheared (regrowing 6000t),fleeing,hurt
crystal_stag,fleeing,antlered,"panic ends, antlers intact"
crystal_stag,fleeing,sheared (regrowing 6000t),"panic ends, sheared"
prismling,idle,swarming,player seen / ally hurt
prismling,swarming,idle,target lost
prismling,swarming,shattering,health 0: burst 2-3 shards
prismling,shattering,[removed],
cinder_hound,roaming,circling,target found
cinder_hound,circling,lunging,3+ pack members circling
cinder_hound,lunging,attacking,lands next to target
cinder_hound,attacking,circling,target retreats
cinder_hound,attacking,roaming,target lost
frost_warden,guarding,phase1,player enters wreck (16 blocks)
frost_warden,phase1,phase2 (<50% hp),health < 50%: summon 2 rime_stalker + ice ring
frost_warden,phase2 (<50% hp),dead,health 0
frost_warden,phase1,guarding,no players 600t (heal)
frost_warden,dead,[removed],
flare_sprite,orbiting,flaring (vent eruption),nearby flare_vent erupts
flare_sprite,flaring (vent eruption),orbiting,100t
flare_sprite,orbiting,attacking,target in 10 blocks
flare_sprite,flaring (vent eruption),attacking,target in 10 blocks
flare_sprite,attacking,orbiting,target lost
flare_sprite,orbiting,extinguished,water or rain
flare_sprite,attacking,extinguished,water or rain
flare_sprite,extinguished,[removed],instant death
sun_colossus,dormant,awake,player on plateau
sun_colossus,awake,slamming,target in 6 blocks
sun_colossus,slamming,core_open,slam done
sun_colossus,core_open,awake,60t window closes
sun_colossus,awake,dead,health 0
sun_colossus,core_open,dead,health 0
sun_colossus,dead,[removed],
dune_burrower,burrowed_travel,bursting,target still 40t above it
dune_burrower,bursting,swallowing,catches target
dune_burrower,bursting,surface_fight,misses
dune_burrower,swallowing,surface_fight,"40t, spit out"
dune_burrower,surface_fight,reburrow,200t or target lost
dune_burrower,reburrow,burrowed_travel,under sand
ash_strider,wading,walking,leaves lava
ash_strider,walking,wading,enters lava
ash_strider,wading,saddled,saddle
ash_strider,walking,saddled,saddle
ash_strider,saddled,ridden,player mounts
ash_strider,ridden,saddled,dismount
ash_strider,wading,angry,hurt
ash_strider,walking,angry,hurt
ash_strider,angry,walking,anger timer ends
rime_stalker,stalking,hidden_in_blizzard,snowfall and player > 8 blocks
rime_stalker,hidden_in_blizzard,stalking,player within 8 / weather clears
rime_stalker,stalking,attacking,"behind target, in range"
rime_stalker,hidden_in_blizzard,attacking,"behind target, in range"
rime_stalker,attacking,stalking,target turns to face it
bog_lurker,submerged,surfacing,target near acid edge
bog_lurker,surfacing,spitting,target in 10 blocks
bog_lurker,spitting,crawling,"target on land, close"
bog_lurker,crawling,submerged,back in acid
bog_lurker,spitting,submerged,target lost
crater_drifter,drifting,swarming,this or nearby drifter hurt
crater_drifter,swarming,drifting,anger timer ends
prism_sentinel,"dialogue (""Are you Concord?"")",phase1 beams,player answers / attacks
prism_sentinel,phase1 beams,phase2 shards loose,health < 66%
prism_sentinel,phase2 shards loose,phase3 core open (x2 damage to heart),health < 33%
prism_sentinel,phase3 core open (x2 damage to heart),defeated (names you heir),health 0
prism_sentinel,defeated (names you heir),[removed],heir granted
rift_tyrant,phase1 charge/claw,phase2 rift pull (arena crumbles),health < 66%
rift_tyrant,phase2 rift pull (arena crumbles),phase3 void shards,health < 33%
rift_tyrant,phase3 void shards,defeated,health 0
rift_tyrant,defeated,[removed],
eidolon_captain,waiting,parley (holding enough remnant_shard),player right-clicks holding 16 remnant_shard
eidolon_captain,waiting,phase1 duel,player attacks / enters deck without shards
eidolon_captain,parley (holding enough remnant_shard),yielded,reads final log
eidolon_captain,phase1 duel,phase2 crew,health < 66%
eidolon_captain,phase2 crew,phase3 lantern,health < 33%
eidolon_captain,phase3 lantern,defeated,health 0
eidolon_captain,yielded,[removed],key + captains_lantern
eidolon_captain,defeated,[removed],key
dying_star,phase1 Vael on surface,phase2 corona rays,health < 66%
dying_star,phase2 corona rays,phase3 collapse,health < 33%
dying_star,phase3 collapse,defeated (ending choice),health 0
dying_star,defeated (ending choice),[removed],Heart of Solvane: choose ending
moon_hopper,hopping,grazing,finds lunar_lichen
moon_hopper,grazing,hopping,random
moon_hopper,hopping,fleeing,hurt / player close
moon_hopper,grazing,fleeing,hurt
moon_hopper,fleeing,hopping,safe
dust_grazer,grazing,wandering,random
dust_grazer,wandering,grazing,finds grass-like block
dust_grazer,grazing,stampeding,any herd member within 12 hurt
dust_grazer,wandering,stampeding,herd member hurt
dust_grazer,stampeding,wandering,panic ends (100t)
azure_fowl,walking,gliding,falling (not on ground)
azure_fowl,gliding,walking,lands
azure_fowl,walking,laying,egg timer 6000-12000t
azure_fowl,laying,walking,blue_egg dropped
glimmerfish,schooling,fleeing,hurt / player close
glimmerfish,fleeing,schooling,safe
glimmerfish,schooling,flopping (out of water),out of water
glimmerfish,fleeing,flopping (out of water),out of water
glimmerfish,flopping (out of water),schooling,back in water
slag_boar,rooting,wandering,random
slag_boar,wandering,rooting,finds slag
slag_boar,rooting,charging,hurt / player near baby
slag_boar,wandering,charging,hurt / player near baby
slag_boar,charging,wandering,anger timer ends
scorch_wyrmling,perched,gliding,jumps off ledge
scorch_wyrmling,gliding,perched,lands
scorch_wyrmling,perched,spitting,target in 12 blocks
scorch_wyrmling,gliding,spitting,target in 12 blocks
scorch_wyrmling,spitting,biting,target in melee range
scorch_wyrmling,biting,spitting,target backs off
scorch_wyrmling,spitting,perched,target lost
frost_yak,woolly,sheared (regrow by grazing),sheared: yak_wool
frost_yak,sheared (regrow by grazing),woolly,eats snowpack / frozen_regolith
frost_yak,woolly,sheltering,snowfall + calf nearby
frost_yak,sheared (regrow by grazing),sheltering,snowfall + calf nearby
frost_yak,sheltering,woolly,weather clears
ice_leech,hidden,crawling,player steps within 2 blocks
ice_leech,crawling,latched,touches target: ride
ice_leech,latched,crawling,player sprints 20t / leech hit
ice_leech,crawling,hidden,no target 200t
gildcrab,basking,scuttling,random / disturbed
gildcrab,scuttling,basking,on sunspot_rock
gildcrab,basking,pinching,hurt
gildcrab,scuttling,pinching,hurt
gildcrab,pinching,scuttling,anger timer ends
deep_eel,lurking,following_light,light source > 10 or player with light
deep_eel,following_light,biting,"target in water, in range"
deep_eel,biting,lurking,target leaves water
deep_eel,following_light,lurking,light gone
sand_skitter,buried,bursting,player within 4 or group member bursts
sand_skitter,bursting,attacking,out of sand
sand_skitter,attacking,buried,target lost 200t (re-bury)
