mob,name,mod,eye_style,source,scale,notes
regolith_crawler,Regolith Crawler,zerog_tweaks,front,team,,
rust_beetle,Rust Beetle,zerog_tweaks,front,team,,
crystal_stag,Crystal Stag,zerog_tweaks,side,team,,
prismling,Prismling,zerog_tweaks,ender_eye,team,,
cinder_hound,Cinder Hound,zerog_tweaks,front,proposed,,
frost_warden,Frost Warden,zerog_tweaks,front,team,,
flare_sprite,Flare Sprite,zerog_tweaks,ender_eye,team,,
sun_colossus,Sun Colossus,zerog_tweaks,front,proposed,,
dune_burrower,Dune Burrower,zerog_tweaks,front,team,,
ash_strider,Ash Strider,zerog_tweaks,ender_eye,team,,
rime_stalker,Rime Stalker,zerog_tweaks,front,team,,
bog_lurker,Bog Lurker,zerog_tweaks,stalk,team,,
crater_drifter,Crater Drifter,zerog_tweaks,ender_eye,team,,
prism_sentinel,Prism Sentinel,zerog_tweaks,ender_eye,proposed,"6x player size: 3.6 wide, 10.8 tall",
rift_tyrant,Rift Tyrant,zerog_tweaks,front,team,"6x player size: 3.6 wide, 10.8 tall",
eidolon_captain,Eidolon Captain,zerog_tweaks,front,proposed,"6x player size: 3.6 wide, 10.8 tall",
dying_star,The Dying Star,zerog_tweaks,ender_eye,team,"6x player size: 3.6 wide, 10.8 tall",
moon_hopper,Moon Hopper,zerog_tweaks,front,team,,
dust_grazer,Dust Grazer,zerog_tweaks,side,team,,
azure_fowl,Azure Fowl,zerog_tweaks,side,team,,
glimmerfish,Glimmerfish,zerog_tweaks,side,team,,
slag_boar,Slag Boar,zerog_tweaks,side,proposed,,
scorch_wyrmling,Scorch Wyrmling,zerog_tweaks,side,team,,
frost_yak,Frost Yak,zerog_tweaks,side,proposed,,
ice_leech,Ice Leech,zerog_tweaks,front,proposed,,
gildcrab,Gildcrab,zerog_tweaks,stalk,team,,
deep_eel,Deep Eel,zerog_tweaks,side,proposed,,
sand_skitter,Sand Skitter,zerog_tweaks,front,team,,
mossback,Mossback,shattered_skies,side,team,,
amethyst_stalker,Amethyst Stalker,shattered_skies,side,team,,
meteor_maw,Meteor Maw,shattered_skies,side,team,,
tidewraith,Tidewraith,shattered_skies,side,team,,"Build it on the vanilla Phantom model: same rig and flight animations, retextured with pixel scales and manta-ray gill slits on the underside."
hollow_sentinel,Hollow Sentinel,shattered_skies,front,team,,
stormbitten_wyvern,Stormbitten Wyvern,shattered_skies,front,team,,
splinter_mite,Splinter Mite,shattered_skies,ender_eye,team,,"Listed as ""Splinter"": applied to both Splinter adds."
splinter_wisp,Splinter Wisp,shattered_skies,ender_eye,team,,"Listed as ""Splinter"": applied to both Splinter adds."
shardmother,Shardmother,shattered_skies,stalk,team,,
slagjaw,Slagjaw,shattered_skies,front,proposed,,
