mob,animation,copy_from,exists
regolith_crawler,animation.regolith_crawler.idle,"spider idle (legs still, slight body sway)",True
regolith_crawler,animation.regolith_crawler.walk,spider walk (alternating leg pairs),True
regolith_crawler,animation.regolith_crawler.burrow,silverfish hiding in a block: sink down in 20 ticks,False
regolith_crawler,animation.regolith_crawler.emerge,"reverse of burrow, then spider-style rear-up",False
regolith_crawler,animation.regolith_crawler.lunge,spider leap (LeapAtTargetGoal arc),False
regolith_crawler,animation.regolith_crawler.death,vanilla death tip-over,False
rust_beetle,animation.rust_beetle.idle,armadillo idle,True
rust_beetle,animation.rust_beetle.walk,armadillo walk,True
rust_beetle,animation.rust_beetle.ram,"goat ram (head down, charge)",False
rust_beetle,animation.rust_beetle.hop,"rabbit hop timing, with the shell split open like elytra",False
rust_beetle,animation.rust_beetle.graze,sheep eat-grass head dip,False
crystal_stag,animation.crystal_stag.idle,"horse idle (tail swish, head bob)",True
crystal_stag,animation.crystal_stag.walk,horse walk,True
crystal_stag,animation.crystal_stag.run,horse gallop,False
crystal_stag,animation.crystal_stag.graze,horse eating (neck down),False
prismling,animation.prismling.idle,endermite idle wiggle,True
prismling,animation.prismling.walk,endermite skitter,True
prismling,animation.prismling.attack,silverfish lunge bite,False
prismling,animation.prismling.shatter,custom: scale to 0 with shard particles,False
cinder_hound,animation.cinder_hound.idle,wolf idle (tail wag),True
cinder_hound,animation.cinder_hound.walk,wolf walk,True
cinder_hound,animation.cinder_hound.run,wolf run,False
cinder_hound,animation.cinder_hound.lunge,wolf LeapAtTarget pounce,False
cinder_hound,animation.cinder_hound.bite,wolf attack snap,False
frost_warden,animation.frost_warden.idle,"vindicator idle, arms crossed or weapon held",True
frost_warden,animation.frost_warden.walk,warden heavy walk,True
frost_warden,animation.frost_warden.sweep,"vindicator axe swing, widened into a sweep",False
frost_warden,animation.frost_warden.summon,evoker spell-cast (arms raised),False
frost_warden,animation.frost_warden.death,vanilla death tip-over,False
flare_sprite,animation.flare_sprite.fly,"vex flying (wing flicker, hover bob)",False
flare_sprite,animation.flare_sprite.attack,"blaze fireball charge (glow up, then shoot)",False
sun_colossus,animation.sun_colossus.dormant,"custom: crouched, still",False
sun_colossus,animation.sun_colossus.wake,warden emerge (rising out of the ground),False
sun_colossus,animation.sun_colossus.walk,iron golem walk,True
sun_colossus,animation.sun_colossus.slam,iron golem attack (both arms swing down),False
sun_colossus,animation.sun_colossus.core_open,custom: chest plates swing open,False
sun_colossus,animation.sun_colossus.death,vanilla death tip-over,False
dune_burrower,animation.dune_burrower.burrow,warden dig (sinking),False
dune_burrower,animation.dune_burrower.burst,"warden emerge, fast",False
dune_burrower,animation.dune_burrower.swallow,custom: head segment opens and closes,False
dune_burrower,animation.dune_burrower.walk,silverfish crawl,True
dune_burrower,animation.dune_burrower.attack,silverfish lunge,False
ash_strider,animation.ash_strider.idle,strider idle,True
ash_strider,animation.ash_strider.walk,strider walk (also on lava),True
ash_strider,animation.ash_strider.stomp,"strider leg stamp, emphasized",False
rime_stalker,animation.rime_stalker.idle,ocelot idle,True
rime_stalker,animation.rime_stalker.walk,ocelot sneak-walk (crouched stalk),True
rime_stalker,animation.rime_stalker.pounce,ocelot/cat pounce,False
rime_stalker,animation.rime_stalker.attack,wolf bite,False
bog_lurker,animation.bog_lurker.idle,axolotl idle (lying still),True
bog_lurker,animation.bog_lurker.walk,axolotl walk on land,True
bog_lurker,animation.bog_lurker.swim,axolotl swim,False
bog_lurker,animation.bog_lurker.spit,llama spit head jerk,False
crater_drifter,animation.crater_drifter.float,"ghast idle (tendril sway, bob)",False
crater_drifter,animation.crater_drifter.attack,ghast shoot (body flinch forward),False
prism_sentinel,animation.prism_sentinel.idle,"blaze idle (rods orbit), 4 s loop",True
prism_sentinel,animation.prism_sentinel.beam,guardian laser charge and fire,False
prism_sentinel,animation.prism_sentinel.shard_spin,blaze rods spinning fast,False
prism_sentinel,animation.prism_sentinel.core_open,custom: core plates open,False
prism_sentinel,animation.prism_sentinel.death,"custom: shards fall, core cracks",False
rift_tyrant,animation.rift_tyrant.idle,ravager idle,True
rift_tyrant,animation.rift_tyrant.walk,ravager walk,True
rift_tyrant,animation.rift_tyrant.charge,ravager charge,False
rift_tyrant,animation.rift_tyrant.claw,"ravager bite, turned into a swipe",False
rift_tyrant,animation.rift_tyrant.roar,ravager roar,False
rift_tyrant,animation.rift_tyrant.shard_volley,warden sonic boom wind-up,False
rift_tyrant,animation.rift_tyrant.death,vanilla death tip-over,False
eidolon_captain,animation.eidolon_captain.idle,vindicator idle,True
eidolon_captain,animation.eidolon_captain.walk,vindicator walk,True
eidolon_captain,animation.eidolon_captain.slash,vindicator axe swing,False
eidolon_captain,animation.eidolon_captain.summon,evoker summon (arms raised),False
eidolon_captain,animation.eidolon_captain.lantern,evoker spell-cast holding the lantern high,False
eidolon_captain,animation.eidolon_captain.yield,"custom: kneels, sword down",False
eidolon_captain,animation.eidolon_captain.death,custom: fades out,False
dying_star,animation.dying_star.idle,wither hover and blaze-rod rotation,True
dying_star,animation.dying_star.flare,wither charge-up and blast,False
dying_star,animation.dying_star.sweep,ender dragon breath sweep,False
dying_star,animation.dying_star.collapse,wither spawn in reverse (shrinks),False
dying_star,animation.dying_star.death,ender dragon death beams,False
moon_hopper,animation.moon_hopper.idle,rabbit idle (nose twitch),True
moon_hopper,animation.moon_hopper.hop,rabbit jump (scale the height ×2 for Moon gravity),False
moon_hopper,animation.moon_hopper.graze,rabbit eating,False
dust_grazer,animation.dust_grazer.idle,cow idle,True
dust_grazer,animation.dust_grazer.walk,cow walk,True
dust_grazer,animation.dust_grazer.run,cow panic run,False
dust_grazer,animation.dust_grazer.graze,sheep eat-grass,False
azure_fowl,animation.azure_fowl.idle,chicken idle (head peck),True
azure_fowl,animation.azure_fowl.walk,chicken walk,True
azure_fowl,animation.azure_fowl.glide,"chicken falling (wings flap slowly, fall slowed)",False
azure_fowl,animation.azure_fowl.flap,chicken wing flap,False
glimmerfish,animation.glimmerfish.swim,tropical fish tail wave,False
glimmerfish,animation.glimmerfish.flop,fish flopping on land,False
slag_boar,animation.slag_boar.idle,hoglin idle,True
slag_boar,animation.slag_boar.walk,hoglin walk,True
slag_boar,animation.slag_boar.charge,hoglin head-toss attack while running,False
slag_boar,animation.slag_boar.root,"hoglin head down, swinging side to side",False
scorch_wyrmling,animation.scorch_wyrmling.idle,parrot idle,True
scorch_wyrmling,animation.scorch_wyrmling.walk,parrot walk,True
scorch_wyrmling,animation.scorch_wyrmling.glide,"phantom glide (wings out, slow flap)",False
scorch_wyrmling,animation.scorch_wyrmling.spit,llama spit head jerk (projectile like a blaze fireball),False
scorch_wyrmling,animation.scorch_wyrmling.bite,"parrot peck, scaled up",False
frost_yak,animation.frost_yak.idle,cow idle,True
frost_yak,animation.frost_yak.walk,cow walk,True
frost_yak,animation.frost_yak.graze,sheep eat-grass,False
ice_leech,animation.ice_leech.idle,silverfish idle,True
ice_leech,animation.ice_leech.crawl,silverfish crawl (segment wave),False
ice_leech,animation.ice_leech.latch,"custom: curl around, ride the player like a chicken jockey",False
gildcrab,animation.gildcrab.idle,spider idle,True
gildcrab,animation.gildcrab.walk_sideways,spider walk played on the X axis,False
gildcrab,animation.gildcrab.pinch,custom pincer snap,False
gildcrab,animation.gildcrab.bask,armadillo settled pose,False
deep_eel,animation.deep_eel.swim,"dolphin swim wave, carried down each segment",False
deep_eel,animation.deep_eel.bite,"guardian snap, with a pull-down",False
sand_skitter,animation.sand_skitter.idle,spider idle,True
sand_skitter,animation.sand_skitter.walk,spider walk,True
sand_skitter,animation.sand_skitter.burst,silverfish popping out of a block,False
sand_skitter,animation.sand_skitter.sting,custom: tail arcs over and forward,False
