mob,category,weight,min_group,max_group,biomes,source
azure_fowl,CREATURE,10,2,4,zerog_tweaks:azure_plains zerog_tweaks:crystal_shores zerog_tweaks:shardwood_grove,docs/zero-g-tweaks-bundle/pending-data/neoforge/biome_modifier/spawns_cerulon.json
crystal_stag,CREATURE,6,1,3,zerog_tweaks:azure_plains zerog_tweaks:crystal_shores zerog_tweaks:shardwood_grove,docs/zero-g-tweaks-bundle/pending-data/neoforge/biome_modifier/spawns_cerulon.json
prismling,MONSTER,60,2,4,zerog_tweaks:azure_plains zerog_tweaks:crystal_shores zerog_tweaks:shardwood_grove,docs/zero-g-tweaks-bundle/pending-data/neoforge/biome_modifier/spawns_cerulon.json
glimmerfish,WATER_AMBIENT,15,4,8,zerog_tweaks:azure_plains zerog_tweaks:crystal_shores zerog_tweaks:shardwood_grove,docs/zero-g-tweaks-bundle/pending-data/neoforge/biome_modifier/spawns_cerulon.json
frost_yak,CREATURE,10,2,4,zerog_tweaks:frozen_graveyard zerog_tweaks:phantom_ice_sheets zerog_tweaks:hoarwood_taiga,docs/zero-g-tweaks-bundle/pending-data/neoforge/biome_modifier/spawns_eidolon.json
ice_leech,MONSTER,40,1,3,zerog_tweaks:frozen_graveyard zerog_tweaks:phantom_ice_sheets zerog_tweaks:hoarwood_taiga,docs/zero-g-tweaks-bundle/pending-data/neoforge/biome_modifier/spawns_eidolon.json
dust_grazer,CREATURE,10,3,6,zerog_tweaks:rust_plains zerog_tweaks:oxide_badlands zerog_tweaks:polar_caps,docs/zero-g-tweaks-bundle/pending-data/neoforge/biome_modifier/spawns_mars.json
rust_beetle,CREATURE,8,1,3,zerog_tweaks:rust_plains zerog_tweaks:oxide_badlands zerog_tweaks:polar_caps,docs/zero-g-tweaks-bundle/pending-data/neoforge/biome_modifier/spawns_mars.json
moon_hopper,CREATURE,10,2,4,zerog_tweaks:lunar_highlands zerog_tweaks:lunar_mare zerog_tweaks:shadowed_craters,docs/zero-g-tweaks-bundle/pending-data/neoforge/biome_modifier/spawns_moon.json
regolith_crawler,MONSTER,60,1,2,zerog_tweaks:lunar_highlands zerog_tweaks:lunar_mare zerog_tweaks:shadowed_craters,docs/zero-g-tweaks-bundle/pending-data/neoforge/biome_modifier/spawns_moon.json
slag_boar,CREATURE,10,2,4,zerog_tweaks:ember_fields zerog_tweaks:marble_contact_zone zerog_tweaks:charwood_barrens,docs/zero-g-tweaks-bundle/pending-data/neoforge/biome_modifier/spawns_skarn.json
cinder_hound,MONSTER,50,3,5,zerog_tweaks:ember_fields zerog_tweaks:marble_contact_zone zerog_tweaks:charwood_barrens,docs/zero-g-tweaks-bundle/pending-data/neoforge/biome_modifier/spawns_skarn.json
scorch_wyrmling,MONSTER,30,1,2,zerog_tweaks:ember_fields zerog_tweaks:marble_contact_zone zerog_tweaks:charwood_barrens,docs/zero-g-tweaks-bundle/pending-data/neoforge/biome_modifier/spawns_skarn.json
gildcrab,CREATURE,10,2,4,zerog_tweaks:corona_flats zerog_tweaks:sunspot_plateaus zerog_tweaks:gildwood_oasis,docs/zero-g-tweaks-bundle/pending-data/neoforge/biome_modifier/spawns_solvane.json
flare_sprite,MONSTER,50,1,3,zerog_tweaks:corona_flats zerog_tweaks:sunspot_plateaus zerog_tweaks:gildwood_oasis,docs/zero-g-tweaks-bundle/pending-data/neoforge/biome_modifier/spawns_solvane.json
crater_drifter,CREATURE,50,1,3,zerog_tweaks:wasteland_cratered_plains zerog_tweaks:wasteland_dust_badlands zerog_tweaks:wasteland_canyon_scars,docs/zero-g-tweaks-bundle/pending-data/neoforge/biome_modifier/spawns_wasteland_barren.json
dune_burrower,MONSTER,40,1,2,zerog_tweaks:wasteland_dune_seas zerog_tweaks:wasteland_mesa_canyons zerog_tweaks:wasteland_salt_flats,docs/zero-g-tweaks-bundle/pending-data/neoforge/biome_modifier/spawns_wasteland_desert.json
sand_skitter,MONSTER,40,2,4,zerog_tweaks:wasteland_dune_seas zerog_tweaks:wasteland_mesa_canyons zerog_tweaks:wasteland_salt_flats,docs/zero-g-tweaks-bundle/pending-data/neoforge/biome_modifier/spawns_wasteland_desert.json
rime_stalker,MONSTER,50,1,2,zerog_tweaks:wasteland_glaciers zerog_tweaks:wasteland_ice_spike_forest zerog_tweaks:wasteland_frozen_canyons,docs/zero-g-tweaks-bundle/pending-data/neoforge/biome_modifier/spawns_wasteland_frozen.json
deep_eel,MONSTER,20,1,2,zerog_tweaks:wasteland_deep_trenches zerog_tweaks:wasteland_kelp_jungles zerog_tweaks:wasteland_island_chains,docs/zero-g-tweaks-bundle/pending-data/neoforge/biome_modifier/spawns_wasteland_ocean.json
bog_lurker,MONSTER,50,1,2,zerog_tweaks:wasteland_acid_swamps zerog_tweaks:wasteland_mud_flats zerog_tweaks:wasteland_moss_bogs,docs/zero-g-tweaks-bundle/pending-data/neoforge/biome_modifier/spawns_wasteland_toxic.json
ash_strider,CREATURE,50,1,3,zerog_tweaks:wasteland_basalt_fields zerog_tweaks:wasteland_ash_plains zerog_tweaks:wasteland_lava_lakes,docs/zero-g-tweaks-bundle/pending-data/neoforge/biome_modifier/spawns_wasteland_volcanic.json
