mob,minecraft:generic.max_health,minecraft:generic.attack_damage,minecraft:generic.movement_speed,minecraft:generic.flying_speed,minecraft:generic.follow_range,minecraft:generic.armor,minecraft:generic.knockback_resistance
regolith_crawler,14,3,0.2,,16,0,0.0
rust_beetle,20,4,0.2,,16,0,0.0
crystal_stag,20,0,0.33,,16,0,0.0
prismling,8,2,0.33,,16,0,0.0
cinder_hound,18,4,0.33,,24,0,0.0
frost_warden,120,9,0.2,,32,10,0.8
flare_sprite,6,3,0.33,0.6,16,0,0.0
sun_colossus,200,14,0.15,,32,20,1.0
dune_burrower,40,8,0.33,,24,4,0.0
ash_strider,30,6,0.25,,16,0,0.0
rime_stalker,24,5,0.33,,24,0,0.0
bog_lurker,28,5,0.2,,16,0,0.0
crater_drifter,20,4,0.2,0.3,16,0,0.0
prism_sentinel,300,10,0.2,,48,15,1.0
rift_tyrant,450,16,0.25,,48,18,1.0
eidolon_captain,400,13,0.25,,48,14,0.9
dying_star,900,20,0.2,0.4,64,20,1.0
moon_hopper,6,0,0.25,,16,0,0.0
dust_grazer,24,0,0.25,,16,0,0.0
azure_fowl,4,0,0.25,,16,0,0.0
glimmerfish,3,0,0.33,,16,0,0.0
slag_boar,26,6,0.25,,16,0,0.0
scorch_wyrmling,16,3,0.25,,16,0,0.0
frost_yak,30,0,0.2,,16,0,0.0
ice_leech,14,2,0.25,,16,0,0.0
gildcrab,12,3,0.25,,16,0,0.0
deep_eel,22,6,0.33,,16,0,0.0
sand_skitter,16,3,0.33,,16,0,0.0
