mob,item,item_name,min,max,chance,looting,cooks_if_on_fire,player_kill_only
regolith_crawler,zerog_tweaks:crawler_leg,Crawler Leg,0,2,1.0,True,True,False
regolith_crawler,zerog_tweaks:regolith,Regolith,1,3,1.0,True,False,False
regolith_crawler,zerog_tweaks:selenite,Selenite,1,1,0.05,False,False,True
rust_beetle,zerog_tweaks:beetle_grub,Beetle Grub,0,1,1.0,True,True,False
rust_beetle,zerog_tweaks:ferrox_nugget,Ferrox Nugget,1,2,1.0,True,False,False
rust_beetle,zerog_tweaks:rust_shell,Rust Shell,1,1,0.15,False,False,True
crystal_stag,zerog_tweaks:stag_venison,Stag Venison,1,3,1.0,True,True,False
crystal_stag,zerog_tweaks:crystal_hide,Crystal Hide,0,2,1.0,True,False,False
prismling,zerog_tweaks:pulsar_dust,Pulsar Dust,1,3,1.0,True,False,False
cinder_hound,zerog_tweaks:cinder_pelt,Cinder Pelt,0,1,1.0,True,False,False
cinder_hound,zerog_tweaks:emberite,Emberite,0,2,1.0,True,False,False
frost_warden,zerog_tweaks:wraithsteel_ingot,Wraithsteel Ingot,3,5,1.0,False,False,False
frost_warden,zerog_tweaks:remnant_shard,Remnant Shard,1,2,1.0,True,False,False
flare_sprite,zerog_tweaks:fusion_dust,Fusion Dust,0,1,1.0,True,False,False
flare_sprite,zerog_tweaks:solar_spark,Solar Spark,0,1,1.0,True,False,False
sun_colossus,zerog_tweaks:astrium_ingot,Astrium Ingot,4,6,1.0,False,False,False
sun_colossus,zerog_tweaks:coronite,Coronite,6,10,1.0,True,False,False
sun_colossus,zerog_tweaks:colossus_core,Colossus Core,1,1,1.0,False,False,False
sun_colossus,zerog_tweaks:solvanite_upgrade_smithing_template,Solvanite Upgrade Smithing Template,1,1,1.0,False,False,False
dune_burrower,zerog_tweaks:burrower_steak,Burrower Steak,1,3,1.0,True,True,False
dune_burrower,zerog_tweaks:burrower_scale,Burrower Scale,0,1,1.0,True,False,False
dune_burrower,zerog_tweaks:star_map_fragment,Star Map Fragment,1,1,0.05,False,False,True
ash_strider,zerog_tweaks:heatproof_plating,Heatproof Plating,1,1,0.08,False,False,True
rime_stalker,zerog_tweaks:frost_pelt,Frost Pelt,0,1,1.0,True,False,False
rime_stalker,zerog_tweaks:cryo_core,Cryo Core,1,1,0.06,False,False,True
bog_lurker,zerog_tweaks:lurker_leg,Lurker Leg,1,2,1.0,True,True,False
bog_lurker,zerog_tweaks:venom_gland,Venom Gland,0,1,1.0,True,False,False
bog_lurker,zerog_tweaks:neutralizer,Neutralizer,1,1,0.06,False,False,True
crater_drifter,zerog_tweaks:stardust,Stardust,1,2,1.0,True,False,False
prism_sentinel,zerog_tweaks:galaxy_3_gate_key,Galaxy 3 Gate Key,1,1,1.0,False,False,False
prism_sentinel,zerog_tweaks:cerulite,Cerulite,4,6,1.0,False,False,False
prism_sentinel,zerog_tweaks:sentinel_prism,Sentinel Prism,1,1,1.0,False,False,False
prism_sentinel,zerog_tweaks:cerulite_upgrade_smithing_template,Cerulite Upgrade Smithing Template,1,1,1.0,False,False,False
rift_tyrant,zerog_tweaks:galaxy_4_gate_key,Galaxy 4 Gate Key,1,1,1.0,False,False,False
rift_tyrant,zerog_tweaks:skarnite,Skarnite,4,6,1.0,False,False,False
rift_tyrant,zerog_tweaks:rift_heart,Rift Heart,1,1,1.0,False,False,False
rift_tyrant,zerog_tweaks:skarnite_upgrade_smithing_template,Skarnite Upgrade Smithing Template,1,1,1.0,False,False,False
eidolon_captain,zerog_tweaks:galaxy_5_gate_key,Galaxy 5 Gate Key,1,1,1.0,False,False,False
eidolon_captain,zerog_tweaks:eidolite,Eidolite,4,6,1.0,False,False,False
eidolon_captain,zerog_tweaks:eidolite_upgrade_smithing_template,Eidolite Upgrade Smithing Template,1,1,1.0,False,False,False
dying_star,zerog_tweaks:heart_of_solvane,Heart of Solvane,1,1,1.0,False,False,False
dying_star,zerog_tweaks:solvanite,Solvanite,6,8,1.0,False,False,False
dying_star,zerog_tweaks:solvanite_upgrade_smithing_template,Solvanite Upgrade Smithing Template,1,1,1.0,False,False,False
moon_hopper,zerog_tweaks:hopper_meat,Hopper Meat,0,2,1.0,True,True,False
moon_hopper,zerog_tweaks:hopper_fluff,Hopper Fluff,1,2,1.0,True,False,False
dust_grazer,zerog_tweaks:grazer_steak,Grazer Steak,1,3,1.0,True,True,False
dust_grazer,zerog_tweaks:grazer_hide,Grazer Hide,0,2,1.0,True,False,False
azure_fowl,zerog_tweaks:fowl,Raw Fowl,1,1,1.0,True,True,False
azure_fowl,zerog_tweaks:azure_feather,Azure Feather,0,2,1.0,True,False,False
glimmerfish,zerog_tweaks:glimmerfish,Glimmerfish,1,1,1.0,False,True,False
glimmerfish,zerog_tweaks:glimmer_scale,Glimmer Scale,1,1,0.1,False,False,True
slag_boar,zerog_tweaks:boar_chop,Boar Chop,1,3,1.0,True,True,False
slag_boar,zerog_tweaks:boar_tusk,Boar Tusk,0,1,1.0,True,False,False
scorch_wyrmling,zerog_tweaks:scorch_tail,Scorch Tail,1,1,1.0,False,True,False
scorch_wyrmling,zerog_tweaks:scorch_scale,Scorch Scale,0,2,1.0,True,False,False
frost_yak,zerog_tweaks:yak_meat,Yak Meat,1,3,1.0,True,True,False
frost_yak,zerog_tweaks:yak_wool,Yak Wool,1,2,1.0,True,False,False
ice_leech,zerog_tweaks:leech_gel,Leech Gel,1,3,1.0,True,False,False
gildcrab,zerog_tweaks:gildcrab_meat,Gildcrab Meat,1,2,1.0,True,True,False
gildcrab,zerog_tweaks:gildcrab_shell,Gildcrab Shell,0,1,1.0,True,False,False
deep_eel,zerog_tweaks:eel_fillet,Eel Fillet,1,2,1.0,True,True,False
deep_eel,zerog_tweaks:eel_skin,Eel Skin,0,1,1.0,True,False,False
sand_skitter,zerog_tweaks:skitter_leg,Skitter Leg,1,2,1.0,True,True,False
sand_skitter,zerog_tweaks:skitter_carapace,Skitter Carapace,0,1,1.0,True,False,False
sand_skitter,zerog_tweaks:venom_gland,Venom Gland,1,1,0.3,True,False,True
