key,name,galaxy,world,role,mob_category,java_base,vanilla_base,hitbox_width,hitbox_height,hitbox_length,max_health,attack_damage,damage_text,movement_speed,flying_speed,follow_range,armor,knockback_resistance,breeding_item,immunities,behavior,spawns_text,drops_text,loot_table,sheet
regolith_crawler,Regolith Crawler,1,Moon,hostile,MONSTER,Monster,minecraft:spider,0.9,0.5,1.1,14,3,"3, plus Slowness I for 3 s",0.2,,16,0,0.0,,,Burrows under Regolith and waits; lunges when a player walks within 3 blocks,"Moon surface, groups of 1–3","Crawler Leg 0–2, Regolith Dust 1–3, rare Selenite shard",zerog_tweaks:entities/regolith_crawler,01_regolith_crawler.png
rust_beetle,Rust Beetle,1,Mars,neutral,CREATURE,"Animal + NeutralMob (tameable, saddle + chest like a llama)",minecraft:armadillo,0.8,0.7,1.0,20,4,4 (horn ram) when provoked,0.2,,16,0,0.0,zerog_tweaks:rust_lichen,,Grazes on Rust Lichen; rams back when hit; tamed beetles with a Ferrox saddle carry a chest,"Mars plains, herds of 2–4","Beetle Grub 0–1, Ferrox bits 1–2, Rust Shell (armor upgrade)",zerog_tweaks:entities/rust_beetle,02_rust_beetle.png
crystal_stag,Crystal Stag,2,Cerulon,passive,CREATURE,Animal + Shearable,minecraft:horse,0.9,1.8,1.3,20,0,None,0.33,,16,0,0.0,zerog_tweaks:starbloom,,Shear the antlers for 1–2 Starlite; they regrow over 5 minutes. Breeds with Starbloom,"Cerulon Azure Moss plains, herds of 3–5","Stag Venison 1–3, Crystal Hide 0–2",zerog_tweaks:entities/crystal_stag,03_crystal_stag.png
prismling,Prismling,2,Cerulon,hostile,MONSTER,Monster,minecraft:endermite,0.5,0.75,,8,2,2,0.33,,16,0,0.0,,,Swarms in groups; shatters into 2–3 crystal shards on death that deal 1 damage nearby,Cerulean geodes and crystal caves,Crystal shard 1–3 (smelts to Cerulite dust),zerog_tweaks:entities/prismling,04_prismling.png
cinder_hound,Cinder Hound,3,Skarn,hostile,MONSTER,Monster,minecraft:wolf,0.7,0.9,1.2,18,4,"4, sets target on fire for 2 s",0.33,,24,0,0.0,,fire; lava,"Hunts in packs of 3–5; circles, then lunges together. Immune to fire",Skarn Ember Crust fields,"Cinder pelt, Emberite 0–2",zerog_tweaks:entities/cinder_hound,05_cinder_hound.png
frost_warden,Frost Warden,4,Eidolon,mini_boss,MONSTER,Monster + ServerBossEvent (pale cyan),minecraft:vindicator,1.0,2.4,,120,9,9; glaive sweep 12 and Slowness II,0.2,,32,10,0.8,,freezing,Guards the largest wrecks. Phase 2 at half health: summons 2 Rime Stalkers and an ice wall ring,One per large wreck on Eidolon; does not respawn,"Wraithsteel Ingots 3–5, Frost Warden Helm (trophy), Remnant Shard",zerog_tweaks:entities/frost_warden,06_frost_warden.png
flare_sprite,Flare Sprite,5,Solvane,hostile,MONSTER,FlyingMob / Monster with FlyingMoveControl (Blaze/Vex pattern),minecraft:vex,0.5,0.5,,6,3,"3 fire, or a small fireball at range",0.33,0.6,16,0,0.0,,fire; lava,Swarms around Flare Vents; bursts into flame when a vent erupts. Water puts it out instantly,"Solvane near Flare Vents, swarms of 4–8","Fusion Dust 0–1, Solar Spark",zerog_tweaks:entities/flare_sprite,07_flare_sprite.png
sun_colossus,Sun Colossus,5,Solvane,mini_boss,MONSTER,Monster + ServerBossEvent (yellow),minecraft:iron_golem,2.6,2.9,,200,14,14 slam; ground wave sets fire in a line,0.15,,32,20,1.0,,fire; lava,Wakes when a player steps on its Sunspot Rock plateau. Core opens to take damage after each slam,One per Solvane plateau structure,"Astrium 4–6, Coronite 6–10, Colossus Core (Fusion Reactor upgrade)",zerog_tweaks:entities/sun_colossus,08_sun_colossus.png
dune_burrower,Dune Burrower,0,Desert wasteland,hostile,MONSTER,Monster,minecraft:silverfish,1.2,1.9,,40,8,8; can swallow and hold a player for 2 s,0.33,,24,4,0.0,,,Travels under sand shown as a moving ripple; bursts up under players who stand still,Desert wastelands in every galaxy,"Burrower Steak 1–3, Burrower Scale, Star Map Fragment (rare)",zerog_tweaks:entities/dune_burrower,09_dune_burrower.png
ash_strider,Ash Strider,0,Volcanic wasteland,neutral,CREATURE,Animal + NeutralMob + ItemSteerable (Strider pattern),minecraft:strider,1.0,1.9,,30,6,6 stomp,0.25,,16,0,0.0,zerog_tweaks:cinder_cap,fire; lava,"Wades across lava lakes; rideable with a saddle, making it the lava crossing mount",Volcanic wastelands,"Heatproof Plating (rare), ash 1–3",zerog_tweaks:entities/ash_strider,10_ash_strider.png
rime_stalker,Rime Stalker,0,Frozen wasteland,hostile,MONSTER,Monster,minecraft:ocelot,0.8,1.0,,24,5,"5, plus Freezing",0.33,,24,0,0.0,,freezing,Stalks from behind; only visible within 8 blocks during blizzards,Frozen wastelands; summoned by the Frost Warden,"Cryo Core (rare), Frost pelt",zerog_tweaks:entities/rime_stalker,11_rime_stalker.png
bog_lurker,Bog Lurker,0,Toxic wasteland,hostile,MONSTER,"Monster (amphibious, Drowned-like navigation)",minecraft:axolotl,1.0,0.7,1.4,28,5,"5, and spits acid (Poison II, 4 s)",0.2,,16,0,0.0,,zerog_tweaks:acid; poison,Lies submerged in Acid with only eyes showing,Toxic wastelands,"Lurker Leg 1–2, Venom Gland 0–1, Neutralizer (rare)",zerog_tweaks:entities/bog_lurker,12_bog_lurker.png
crater_drifter,Crater Drifter,0,Barren wasteland,neutral,CREATURE,"FlyingMob + NeutralMob (Ghast-like drift, small)",minecraft:ghast,0.8,1.4,,20,4,"None unless hit, then 4",0.2,0.3,16,0,0.0,,,Floats over craters; drops Meteorite Fragments as it drifts. Attacking one makes nearby drifters swarm,Barren wastelands,"Stardust 1–2, Meteorite Fragment",zerog_tweaks:entities/crater_drifter,13_crater_drifter.png
prism_sentinel,Prism Sentinel,2,Galaxy 2 key world,boss,MONSTER,Monster + ServerBossEvent (cyan) ; no natural spawn,minecraft:blaze,2.0,2.4,,300,10,Light beams 10; shard spin 8,0.2,,48,15,1.0,,,"1: beams bounce off the orbiting shards. 2: shards break loose and circle the arena. 3: core cracks open, and hits to the heart light deal double",Crystal amphitheater on Galaxy 2's key world,"Galaxy 3 gate key, Cerulite 4–6, Sentinel Prism (T3 lens upgrade)",zerog_tweaks:entities/prism_sentinel,14_prism_sentinel.png
rift_tyrant,Rift Tyrant,3,Galaxy 3 key world,boss,MONSTER,Monster + ServerBossEvent (purple) ; no natural spawn,minecraft:ravager,2.4,2.4,3.2,450,16,Claw 16; rift pull drags you toward the rift,0.25,,48,18,1.0,,,1: charges and claws. 2: rift pulls chunks of the arena into the void. 3: spines fire void shards,Fractured island over the void on Galaxy 3's key world,"Galaxy 4 gate key, Skarnite 4–6, Rift Heart",zerog_tweaks:entities/rift_tyrant,15_rift_tyrant.png
eidolon_captain,Eidolon Captain,4,Galaxy 4 key world,boss,MONSTER,Monster + ServerBossEvent (white) ; no natural spawn,minecraft:vindicator,0.9,2.6,,400,13,Cutlass 13; lantern beam chills,0.25,,48,14,0.9,,,1: duels with the cutlass. 2: calls Hollow Crewmen. 3: fleet lantern freezes the deck,Flagship deck on Galaxy 4's key world,"Galaxy 5 gate key, Eidolite 4–6; Captain's Lantern if spared",zerog_tweaks:entities/eidolon_captain,16_eidolon_captain.png
dying_star,The Dying Star,5,Solvane (orbit arena),final_boss,MONSTER,FlyingMob + ServerBossEvent (yellow->white) ; no natural spawn,minecraft:wither,3.6,3.6,,900,20,Solar flare 20; falling stars 12,0.2,0.4,64,20,1.0,,,"1: Vael fights from the surface. 2: corona rays sweep the arena. 3: the star collapses, the core opens and the arena shrinks",Floating ring platform above Solvane,"Heart of Solvane, Solvanite 6–8, T6 crown",zerog_tweaks:entities/dying_star,17_dying_star.png
moon_hopper,Moon Hopper,1,Moon,passive,CREATURE,Animal (Rabbit pattern: JumpControl + RabbitMoveControl),minecraft:rabbit,0.5,0.6,,6,0,None,0.25,,16,0,0.0,zerog_tweaks:lunar_lichen,,Hops up to 4 blocks high in Moon gravity; flees when hit,"Moon surface, groups of 2–4","Hopper Meat 0–2, Hopper Fluff 1–2",zerog_tweaks:entities/moon_hopper,18_moon_hopper.png
dust_grazer,Dust Grazer,1,Mars,passive,CREATURE,Animal (Cow pattern),minecraft:cow,1.3,1.4,,24,0,None,0.25,,16,0,0.0,zerog_tweaks:rust_tuber,,Grazes in herds; the whole herd stampedes if one is hit,"Mars plains, herds of 3–6","Grazer Steak 1–3, Grazer Hide 0–2",zerog_tweaks:entities/dust_grazer,19_dust_grazer.png
azure_fowl,Azure Fowl,2,Cerulon,passive,CREATURE,Animal (Chicken-like),minecraft:chicken,0.4,0.8,,4,0,None,0.25,,16,0,0.0,zerog_tweaks:skyberries,,Glides slowly when falling; lays a Blue Egg every 5–10 minutes,Cerulon moss plains and Shardwood forests,"Raw Fowl 1, Azure Feather 0–2",zerog_tweaks:entities/azure_fowl,20_azure_fowl.png
glimmerfish,Glimmerfish,2,Cerulon,passive,WATER_AMBIENT,AbstractSchoolingFish,minecraft:tropical_fish,0.5,0.4,,3,0,None,0.33,,16,0,0.0,,,Schools of 4–8; lights the water around it at night,Cerulon lakes and oceans,"Glimmerfish 1, Glimmer Scale 0–1 (rare)",zerog_tweaks:entities/glimmerfish,21_glimmerfish.png
slag_boar,Slag Boar,3,Skarn,neutral,CREATURE,Animal + NeutralMob,minecraft:hoglin,0.9,0.9,1.3,26,6,"6 charge, only when provoked",0.25,,16,0,0.0,zerog_tweaks:cinder_cap,fire,Roots through Slag; charges if hit or if you get too close to its young,Skarn slag fields,"Boar Chop 1–3, Boar Tusk 0–1",zerog_tweaks:entities/slag_boar,22_slag_boar.png
scorch_wyrmling,Scorch Wyrmling,3,Skarn,hostile,MONSTER,"Monster (glides, not full flight)",minecraft:parrot,0.6,0.6,1.0,16,3,3 bite; spits a fire bolt (3 + fire),0.25,,16,0,0.0,,fire,Glides between ledges; guards Emberite veins,Skarn lava contact zones,"Scorch Tail 1, Scorch Scale 0–2",zerog_tweaks:entities/scorch_wyrmling,23_scorch_wyrmling.png
frost_yak,Frost Yak,4,Eidolon,passive,CREATURE,Animal + Shearable (Sheep + Cow pattern),minecraft:cow,1.4,1.7,,30,0,None,0.2,,16,0,0.0,zerog_tweaks:frostfern,freezing,Shear for Yak Wool; milk with a glass bottle for Frost Milk. Shelters calves in blizzards,"Eidolon glaciers, herds of 2–4","Yak Meat 1–3, Yak Wool 1–2",zerog_tweaks:entities/frost_yak,24_frost_yak.png
ice_leech,Ice Leech,4,Eidolon,hostile,MONSTER,Monster,minecraft:silverfish,0.6,0.4,1.2,14,2,2 and latches on: Hunger II while attached,0.25,,16,0,0.0,,freezing,Hides under Snowpack; shake it off by sprinting or hitting it,Eidolon snowfields and wreck interiors,Leech Gel 1–3,zerog_tweaks:entities/ice_leech,25_ice_leech.png
gildcrab,Gildcrab,5,Solvane,neutral,CREATURE,Animal + NeutralMob,minecraft:spider,0.9,0.5,,12,3,"3 pinch, only when attacked",0.25,,16,0,0.0,zerog_tweaks:pyrefruit,fire; zerog_tweaks:corona_crust,Walks sideways; basks on Sunspot Rock and is immune to heat,Solvane Sunspot Rock shores,"Gildcrab Meat 1–2, Gildcrab Shell 0–1",zerog_tweaks:entities/gildcrab,26_gildcrab.png
deep_eel,Deep Eel,0,Ocean wasteland,hostile,MONSTER,WaterAnimal/Monster with SmoothSwimmingMoveControl (Guardian/Drowned nav),minecraft:dolphin,0.6,0.6,1.8,22,6,6 bite; pulls you down 2 blocks,0.33,,16,0,0.0,,,Lurks in trenches; follows light sources,Ocean wastelands in every galaxy (tinted),"Eel Fillet 1–2, Eel Skin 0–1",zerog_tweaks:entities/deep_eel,27_deep_eel.png
sand_skitter,Sand Skitter,0,Desert wasteland,hostile,MONSTER,Monster (Spider-like),minecraft:spider,1.0,0.6,,16,3,3 and Poison I for 4 s,0.33,,16,0,0.0,,poison,Buries itself in Dunesand; bursts out in groups of 2–3,Desert wastelands (tinted),"Skitter Leg 1–2, Skitter Carapace 0–1, Venom Gland 0–1",zerog_tweaks:entities/sand_skitter,28_sand_skitter.png
