tab,position,item
building_blocks,0,zerog_tweaks:shardwood_log
building_blocks,1,zerog_tweaks:shardwood_wood
building_blocks,2,zerog_tweaks:stripped_shardwood_log
building_blocks,3,zerog_tweaks:stripped_shardwood_wood
building_blocks,4,zerog_tweaks:shardwood_planks
building_blocks,5,zerog_tweaks:shardwood_stairs
building_blocks,6,zerog_tweaks:shardwood_slab
building_blocks,7,zerog_tweaks:shardwood_fence
building_blocks,8,zerog_tweaks:shardwood_fence_gate
building_blocks,9,zerog_tweaks:shardwood_door
building_blocks,10,zerog_tweaks:shardwood_trapdoor
building_blocks,11,zerog_tweaks:shardwood_pressure_plate
building_blocks,12,zerog_tweaks:shardwood_button
building_blocks,13,zerog_tweaks:charwood_log
building_blocks,14,zerog_tweaks:charwood_wood
building_blocks,15,zerog_tweaks:stripped_charwood_log
building_blocks,16,zerog_tweaks:stripped_charwood_wood
building_blocks,17,zerog_tweaks:charwood_planks
building_blocks,18,zerog_tweaks:charwood_stairs
building_blocks,19,zerog_tweaks:charwood_slab
building_blocks,20,zerog_tweaks:charwood_fence
building_blocks,21,zerog_tweaks:charwood_fence_gate
building_blocks,22,zerog_tweaks:charwood_door
building_blocks,23,zerog_tweaks:charwood_trapdoor
building_blocks,24,zerog_tweaks:charwood_pressure_plate
building_blocks,25,zerog_tweaks:charwood_button
building_blocks,26,zerog_tweaks:hoarwood_log
building_blocks,27,zerog_tweaks:hoarwood_wood
building_blocks,28,zerog_tweaks:stripped_hoarwood_log
building_blocks,29,zerog_tweaks:stripped_hoarwood_wood
building_blocks,30,zerog_tweaks:hoarwood_planks
building_blocks,31,zerog_tweaks:hoarwood_stairs
building_blocks,32,zerog_tweaks:hoarwood_slab
building_blocks,33,zerog_tweaks:hoarwood_fence
building_blocks,34,zerog_tweaks:hoarwood_fence_gate
building_blocks,35,zerog_tweaks:hoarwood_door
building_blocks,36,zerog_tweaks:hoarwood_trapdoor
building_blocks,37,zerog_tweaks:hoarwood_pressure_plate
building_blocks,38,zerog_tweaks:hoarwood_button
building_blocks,39,zerog_tweaks:gildwood_log
building_blocks,40,zerog_tweaks:gildwood_wood
building_blocks,41,zerog_tweaks:stripped_gildwood_log
building_blocks,42,zerog_tweaks:stripped_gildwood_wood
building_blocks,43,zerog_tweaks:gildwood_planks
building_blocks,44,zerog_tweaks:gildwood_stairs
building_blocks,45,zerog_tweaks:gildwood_slab
building_blocks,46,zerog_tweaks:gildwood_fence
building_blocks,47,zerog_tweaks:gildwood_fence_gate
building_blocks,48,zerog_tweaks:gildwood_door
building_blocks,49,zerog_tweaks:gildwood_trapdoor
building_blocks,50,zerog_tweaks:gildwood_pressure_plate
building_blocks,51,zerog_tweaks:gildwood_button
building_blocks,52,zerog_tweaks:lunar_stone
building_blocks,53,zerog_tweaks:lunar_stone_stairs
building_blocks,54,zerog_tweaks:lunar_stone_slab
building_blocks,55,zerog_tweaks:lunar_stone_wall
building_blocks,56,zerog_tweaks:cobbled_lunar_stone
building_blocks,57,zerog_tweaks:cobbled_lunar_stone_stairs
building_blocks,58,zerog_tweaks:cobbled_lunar_stone_slab
building_blocks,59,zerog_tweaks:cobbled_lunar_stone_wall
building_blocks,60,zerog_tweaks:smooth_lunar_stone
building_blocks,61,zerog_tweaks:smooth_lunar_stone_stairs
building_blocks,62,zerog_tweaks:smooth_lunar_stone_slab
building_blocks,63,zerog_tweaks:smooth_lunar_stone_wall
building_blocks,64,zerog_tweaks:polished_lunar_stone
building_blocks,65,zerog_tweaks:polished_lunar_stone_stairs
building_blocks,66,zerog_tweaks:polished_lunar_stone_slab
building_blocks,67,zerog_tweaks:polished_lunar_stone_wall
building_blocks,68,zerog_tweaks:lunar_stone_bricks
building_blocks,69,zerog_tweaks:lunar_stone_brick_stairs
building_blocks,70,zerog_tweaks:lunar_stone_brick_slab
building_blocks,71,zerog_tweaks:lunar_stone_brick_wall
building_blocks,72,zerog_tweaks:cracked_lunar_stone_bricks
building_blocks,73,zerog_tweaks:cracked_lunar_stone_brick_stairs
building_blocks,74,zerog_tweaks:cracked_lunar_stone_brick_slab
building_blocks,75,zerog_tweaks:cracked_lunar_stone_brick_wall
building_blocks,76,zerog_tweaks:chiseled_lunar_stone
building_blocks,77,zerog_tweaks:chiseled_lunar_stone_stairs
building_blocks,78,zerog_tweaks:chiseled_lunar_stone_slab
building_blocks,79,zerog_tweaks:chiseled_lunar_stone_wall
building_blocks,80,zerog_tweaks:polished_black_lunar_stone
building_blocks,81,zerog_tweaks:polished_black_lunar_stone_stairs
building_blocks,82,zerog_tweaks:polished_black_lunar_stone_slab
building_blocks,83,zerog_tweaks:polished_black_lunar_stone_wall
building_blocks,84,zerog_tweaks:polished_black_lunar_stone_bricks
building_blocks,85,zerog_tweaks:polished_black_lunar_stone_brick_stairs
building_blocks,86,zerog_tweaks:polished_black_lunar_stone_brick_slab
building_blocks,87,zerog_tweaks:polished_black_lunar_stone_brick_wall
building_blocks,88,zerog_tweaks:chiseled_polished_black_lunar_stone
building_blocks,89,zerog_tweaks:chiseled_polished_black_lunar_stone_stairs
building_blocks,90,zerog_tweaks:chiseled_polished_black_lunar_stone_slab
building_blocks,91,zerog_tweaks:chiseled_polished_black_lunar_stone_wall
building_blocks,92,zerog_tweaks:mare_basalt
building_blocks,93,zerog_tweaks:mare_basalt_stairs
building_blocks,94,zerog_tweaks:mare_basalt_slab
building_blocks,95,zerog_tweaks:mare_basalt_wall
building_blocks,96,zerog_tweaks:cobbled_mare_basalt
building_blocks,97,zerog_tweaks:cobbled_mare_basalt_stairs
building_blocks,98,zerog_tweaks:cobbled_mare_basalt_slab
building_blocks,99,zerog_tweaks:cobbled_mare_basalt_wall
building_blocks,100,zerog_tweaks:smooth_mare_basalt
building_blocks,101,zerog_tweaks:smooth_mare_basalt_stairs
building_blocks,102,zerog_tweaks:smooth_mare_basalt_slab
building_blocks,103,zerog_tweaks:smooth_mare_basalt_wall
building_blocks,104,zerog_tweaks:polished_mare_basalt
building_blocks,105,zerog_tweaks:polished_mare_basalt_stairs
building_blocks,106,zerog_tweaks:polished_mare_basalt_slab
building_blocks,107,zerog_tweaks:polished_mare_basalt_wall
building_blocks,108,zerog_tweaks:mare_basalt_bricks
building_blocks,109,zerog_tweaks:mare_basalt_brick_stairs
building_blocks,110,zerog_tweaks:mare_basalt_brick_slab
building_blocks,111,zerog_tweaks:mare_basalt_brick_wall
building_blocks,112,zerog_tweaks:cracked_mare_basalt_bricks
building_blocks,113,zerog_tweaks:cracked_mare_basalt_brick_stairs
building_blocks,114,zerog_tweaks:cracked_mare_basalt_brick_slab
building_blocks,115,zerog_tweaks:cracked_mare_basalt_brick_wall
building_blocks,116,zerog_tweaks:chiseled_mare_basalt
building_blocks,117,zerog_tweaks:chiseled_mare_basalt_stairs
building_blocks,118,zerog_tweaks:chiseled_mare_basalt_slab
building_blocks,119,zerog_tweaks:chiseled_mare_basalt_wall
building_blocks,120,zerog_tweaks:polished_black_mare_basalt
building_blocks,121,zerog_tweaks:polished_black_mare_basalt_stairs
building_blocks,122,zerog_tweaks:polished_black_mare_basalt_slab
building_blocks,123,zerog_tweaks:polished_black_mare_basalt_wall
building_blocks,124,zerog_tweaks:polished_black_mare_basalt_bricks
building_blocks,125,zerog_tweaks:polished_black_mare_basalt_brick_stairs
building_blocks,126,zerog_tweaks:polished_black_mare_basalt_brick_slab
building_blocks,127,zerog_tweaks:polished_black_mare_basalt_brick_wall
building_blocks,128,zerog_tweaks:chiseled_polished_black_mare_basalt
building_blocks,129,zerog_tweaks:chiseled_polished_black_mare_basalt_stairs
building_blocks,130,zerog_tweaks:chiseled_polished_black_mare_basalt_slab
building_blocks,131,zerog_tweaks:chiseled_polished_black_mare_basalt_wall
building_blocks,132,zerog_tweaks:martian_stone
building_blocks,133,zerog_tweaks:martian_stone_stairs
building_blocks,134,zerog_tweaks:martian_stone_slab
building_blocks,135,zerog_tweaks:martian_stone_wall
building_blocks,136,zerog_tweaks:cobbled_martian_stone
building_blocks,137,zerog_tweaks:cobbled_martian_stone_stairs
building_blocks,138,zerog_tweaks:cobbled_martian_stone_slab
building_blocks,139,zerog_tweaks:cobbled_martian_stone_wall
building_blocks,140,zerog_tweaks:smooth_martian_stone
building_blocks,141,zerog_tweaks:smooth_martian_stone_stairs
building_blocks,142,zerog_tweaks:smooth_martian_stone_slab
building_blocks,143,zerog_tweaks:smooth_martian_stone_wall
building_blocks,144,zerog_tweaks:polished_martian_stone
building_blocks,145,zerog_tweaks:polished_martian_stone_stairs
building_blocks,146,zerog_tweaks:polished_martian_stone_slab
building_blocks,147,zerog_tweaks:polished_martian_stone_wall
building_blocks,148,zerog_tweaks:martian_stone_bricks
building_blocks,149,zerog_tweaks:martian_stone_brick_stairs
building_blocks,150,zerog_tweaks:martian_stone_brick_slab
building_blocks,151,zerog_tweaks:martian_stone_brick_wall
building_blocks,152,zerog_tweaks:cracked_martian_stone_bricks
building_blocks,153,zerog_tweaks:cracked_martian_stone_brick_stairs
building_blocks,154,zerog_tweaks:cracked_martian_stone_brick_slab
building_blocks,155,zerog_tweaks:cracked_martian_stone_brick_wall
building_blocks,156,zerog_tweaks:chiseled_martian_stone
building_blocks,157,zerog_tweaks:chiseled_martian_stone_stairs
building_blocks,158,zerog_tweaks:chiseled_martian_stone_slab
building_blocks,159,zerog_tweaks:chiseled_martian_stone_wall
building_blocks,160,zerog_tweaks:polished_black_martian_stone
building_blocks,161,zerog_tweaks:polished_black_martian_stone_stairs
building_blocks,162,zerog_tweaks:polished_black_martian_stone_slab
building_blocks,163,zerog_tweaks:polished_black_martian_stone_wall
building_blocks,164,zerog_tweaks:polished_black_martian_stone_bricks
building_blocks,165,zerog_tweaks:polished_black_martian_stone_brick_stairs
building_blocks,166,zerog_tweaks:polished_black_martian_stone_brick_slab
building_blocks,167,zerog_tweaks:polished_black_martian_stone_brick_wall
building_blocks,168,zerog_tweaks:chiseled_polished_black_martian_stone
building_blocks,169,zerog_tweaks:chiseled_polished_black_martian_stone_stairs
building_blocks,170,zerog_tweaks:chiseled_polished_black_martian_stone_slab
building_blocks,171,zerog_tweaks:chiseled_polished_black_martian_stone_wall
building_blocks,172,zerog_tweaks:cerulean_stone
building_blocks,173,zerog_tweaks:cerulean_stone_stairs
building_blocks,174,zerog_tweaks:cerulean_stone_slab
building_blocks,175,zerog_tweaks:cerulean_stone_wall
building_blocks,176,zerog_tweaks:cobbled_cerulean_stone
building_blocks,177,zerog_tweaks:cobbled_cerulean_stone_stairs
building_blocks,178,zerog_tweaks:cobbled_cerulean_stone_slab
building_blocks,179,zerog_tweaks:cobbled_cerulean_stone_wall
building_blocks,180,zerog_tweaks:smooth_cerulean_stone
building_blocks,181,zerog_tweaks:smooth_cerulean_stone_stairs
building_blocks,182,zerog_tweaks:smooth_cerulean_stone_slab
building_blocks,183,zerog_tweaks:smooth_cerulean_stone_wall
building_blocks,184,zerog_tweaks:polished_cerulean_stone
building_blocks,185,zerog_tweaks:polished_cerulean_stone_stairs
building_blocks,186,zerog_tweaks:polished_cerulean_stone_slab
building_blocks,187,zerog_tweaks:polished_cerulean_stone_wall
building_blocks,188,zerog_tweaks:cerulean_stone_bricks
building_blocks,189,zerog_tweaks:cerulean_stone_brick_stairs
building_blocks,190,zerog_tweaks:cerulean_stone_brick_slab
building_blocks,191,zerog_tweaks:cerulean_stone_brick_wall
building_blocks,192,zerog_tweaks:cracked_cerulean_stone_bricks
building_blocks,193,zerog_tweaks:cracked_cerulean_stone_brick_stairs
building_blocks,194,zerog_tweaks:cracked_cerulean_stone_brick_slab
building_blocks,195,zerog_tweaks:cracked_cerulean_stone_brick_wall
building_blocks,196,zerog_tweaks:chiseled_cerulean_stone
building_blocks,197,zerog_tweaks:chiseled_cerulean_stone_stairs
building_blocks,198,zerog_tweaks:chiseled_cerulean_stone_slab
building_blocks,199,zerog_tweaks:chiseled_cerulean_stone_wall
building_blocks,200,zerog_tweaks:polished_black_cerulean_stone
building_blocks,201,zerog_tweaks:polished_black_cerulean_stone_stairs
building_blocks,202,zerog_tweaks:polished_black_cerulean_stone_slab
building_blocks,203,zerog_tweaks:polished_black_cerulean_stone_wall
building_blocks,204,zerog_tweaks:polished_black_cerulean_stone_bricks
building_blocks,205,zerog_tweaks:polished_black_cerulean_stone_brick_stairs
building_blocks,206,zerog_tweaks:polished_black_cerulean_stone_brick_slab
building_blocks,207,zerog_tweaks:polished_black_cerulean_stone_brick_wall
building_blocks,208,zerog_tweaks:chiseled_polished_black_cerulean_stone
building_blocks,209,zerog_tweaks:chiseled_polished_black_cerulean_stone_stairs
building_blocks,210,zerog_tweaks:chiseled_polished_black_cerulean_stone_slab
building_blocks,211,zerog_tweaks:chiseled_polished_black_cerulean_stone_wall
building_blocks,212,zerog_tweaks:skarn_rock
building_blocks,213,zerog_tweaks:skarn_rock_stairs
building_blocks,214,zerog_tweaks:skarn_rock_slab
building_blocks,215,zerog_tweaks:skarn_rock_wall
building_blocks,216,zerog_tweaks:cobbled_skarn_rock
building_blocks,217,zerog_tweaks:cobbled_skarn_rock_stairs
building_blocks,218,zerog_tweaks:cobbled_skarn_rock_slab
building_blocks,219,zerog_tweaks:cobbled_skarn_rock_wall
building_blocks,220,zerog_tweaks:smooth_skarn_rock
building_blocks,221,zerog_tweaks:smooth_skarn_rock_stairs
building_blocks,222,zerog_tweaks:smooth_skarn_rock_slab
building_blocks,223,zerog_tweaks:smooth_skarn_rock_wall
building_blocks,224,zerog_tweaks:polished_skarn_rock
building_blocks,225,zerog_tweaks:polished_skarn_rock_stairs
building_blocks,226,zerog_tweaks:polished_skarn_rock_slab
building_blocks,227,zerog_tweaks:polished_skarn_rock_wall
building_blocks,228,zerog_tweaks:skarn_rock_bricks
building_blocks,229,zerog_tweaks:skarn_rock_brick_stairs
building_blocks,230,zerog_tweaks:skarn_rock_brick_slab
building_blocks,231,zerog_tweaks:skarn_rock_brick_wall
building_blocks,232,zerog_tweaks:cracked_skarn_rock_bricks
building_blocks,233,zerog_tweaks:cracked_skarn_rock_brick_stairs
building_blocks,234,zerog_tweaks:cracked_skarn_rock_brick_slab
building_blocks,235,zerog_tweaks:cracked_skarn_rock_brick_wall
building_blocks,236,zerog_tweaks:chiseled_skarn_rock
building_blocks,237,zerog_tweaks:chiseled_skarn_rock_stairs
building_blocks,238,zerog_tweaks:chiseled_skarn_rock_slab
building_blocks,239,zerog_tweaks:chiseled_skarn_rock_wall
building_blocks,240,zerog_tweaks:polished_black_skarn_rock
building_blocks,241,zerog_tweaks:polished_black_skarn_rock_stairs
building_blocks,242,zerog_tweaks:polished_black_skarn_rock_slab
building_blocks,243,zerog_tweaks:polished_black_skarn_rock_wall
building_blocks,244,zerog_tweaks:polished_black_skarn_rock_bricks
building_blocks,245,zerog_tweaks:polished_black_skarn_rock_brick_stairs
building_blocks,246,zerog_tweaks:polished_black_skarn_rock_brick_slab
building_blocks,247,zerog_tweaks:polished_black_skarn_rock_brick_wall
building_blocks,248,zerog_tweaks:chiseled_polished_black_skarn_rock
building_blocks,249,zerog_tweaks:chiseled_polished_black_skarn_rock_stairs
building_blocks,250,zerog_tweaks:chiseled_polished_black_skarn_rock_slab
building_blocks,251,zerog_tweaks:chiseled_polished_black_skarn_rock_wall
building_blocks,252,zerog_tweaks:scorched_marble
building_blocks,253,zerog_tweaks:scorched_marble_stairs
building_blocks,254,zerog_tweaks:scorched_marble_slab
building_blocks,255,zerog_tweaks:scorched_marble_wall
building_blocks,256,zerog_tweaks:cobbled_scorched_marble
building_blocks,257,zerog_tweaks:cobbled_scorched_marble_stairs
building_blocks,258,zerog_tweaks:cobbled_scorched_marble_slab
building_blocks,259,zerog_tweaks:cobbled_scorched_marble_wall
building_blocks,260,zerog_tweaks:smooth_scorched_marble
building_blocks,261,zerog_tweaks:smooth_scorched_marble_stairs
building_blocks,262,zerog_tweaks:smooth_scorched_marble_slab
building_blocks,263,zerog_tweaks:smooth_scorched_marble_wall
building_blocks,264,zerog_tweaks:polished_scorched_marble
building_blocks,265,zerog_tweaks:polished_scorched_marble_stairs
building_blocks,266,zerog_tweaks:polished_scorched_marble_slab
building_blocks,267,zerog_tweaks:polished_scorched_marble_wall
building_blocks,268,zerog_tweaks:scorched_marble_bricks
building_blocks,269,zerog_tweaks:scorched_marble_brick_stairs
building_blocks,270,zerog_tweaks:scorched_marble_brick_slab
building_blocks,271,zerog_tweaks:scorched_marble_brick_wall
building_blocks,272,zerog_tweaks:cracked_scorched_marble_bricks
building_blocks,273,zerog_tweaks:cracked_scorched_marble_brick_stairs
building_blocks,274,zerog_tweaks:cracked_scorched_marble_brick_slab
building_blocks,275,zerog_tweaks:cracked_scorched_marble_brick_wall
building_blocks,276,zerog_tweaks:chiseled_scorched_marble
building_blocks,277,zerog_tweaks:chiseled_scorched_marble_stairs
building_blocks,278,zerog_tweaks:chiseled_scorched_marble_slab
building_blocks,279,zerog_tweaks:chiseled_scorched_marble_wall
building_blocks,280,zerog_tweaks:polished_black_scorched_marble
building_blocks,281,zerog_tweaks:polished_black_scorched_marble_stairs
building_blocks,282,zerog_tweaks:polished_black_scorched_marble_slab
building_blocks,283,zerog_tweaks:polished_black_scorched_marble_wall
building_blocks,284,zerog_tweaks:polished_black_scorched_marble_bricks
building_blocks,285,zerog_tweaks:polished_black_scorched_marble_brick_stairs
building_blocks,286,zerog_tweaks:polished_black_scorched_marble_brick_slab
building_blocks,287,zerog_tweaks:polished_black_scorched_marble_brick_wall
building_blocks,288,zerog_tweaks:chiseled_polished_black_scorched_marble
building_blocks,289,zerog_tweaks:chiseled_polished_black_scorched_marble_stairs
building_blocks,290,zerog_tweaks:chiseled_polished_black_scorched_marble_slab
building_blocks,291,zerog_tweaks:chiseled_polished_black_scorched_marble_wall
building_blocks,292,zerog_tweaks:permafrost
building_blocks,293,zerog_tweaks:permafrost_stairs
building_blocks,294,zerog_tweaks:permafrost_slab
building_blocks,295,zerog_tweaks:permafrost_wall
building_blocks,296,zerog_tweaks:cobbled_permafrost
building_blocks,297,zerog_tweaks:cobbled_permafrost_stairs
building_blocks,298,zerog_tweaks:cobbled_permafrost_slab
building_blocks,299,zerog_tweaks:cobbled_permafrost_wall
building_blocks,300,zerog_tweaks:smooth_permafrost
building_blocks,301,zerog_tweaks:smooth_permafrost_stairs
building_blocks,302,zerog_tweaks:smooth_permafrost_slab
building_blocks,303,zerog_tweaks:smooth_permafrost_wall
building_blocks,304,zerog_tweaks:polished_permafrost
building_blocks,305,zerog_tweaks:polished_permafrost_stairs
building_blocks,306,zerog_tweaks:polished_permafrost_slab
building_blocks,307,zerog_tweaks:polished_permafrost_wall
building_blocks,308,zerog_tweaks:permafrost_bricks
building_blocks,309,zerog_tweaks:permafrost_brick_stairs
building_blocks,310,zerog_tweaks:permafrost_brick_slab
building_blocks,311,zerog_tweaks:permafrost_brick_wall
building_blocks,312,zerog_tweaks:cracked_permafrost_bricks
building_blocks,313,zerog_tweaks:cracked_permafrost_brick_stairs
building_blocks,314,zerog_tweaks:cracked_permafrost_brick_slab
building_blocks,315,zerog_tweaks:cracked_permafrost_brick_wall
building_blocks,316,zerog_tweaks:chiseled_permafrost
building_blocks,317,zerog_tweaks:chiseled_permafrost_stairs
building_blocks,318,zerog_tweaks:chiseled_permafrost_slab
building_blocks,319,zerog_tweaks:chiseled_permafrost_wall
building_blocks,320,zerog_tweaks:polished_black_permafrost
building_blocks,321,zerog_tweaks:polished_black_permafrost_stairs
building_blocks,322,zerog_tweaks:polished_black_permafrost_slab
building_blocks,323,zerog_tweaks:polished_black_permafrost_wall
building_blocks,324,zerog_tweaks:polished_black_permafrost_bricks
building_blocks,325,zerog_tweaks:polished_black_permafrost_brick_stairs
building_blocks,326,zerog_tweaks:polished_black_permafrost_brick_slab
building_blocks,327,zerog_tweaks:polished_black_permafrost_brick_wall
building_blocks,328,zerog_tweaks:chiseled_polished_black_permafrost
building_blocks,329,zerog_tweaks:chiseled_polished_black_permafrost_stairs
building_blocks,330,zerog_tweaks:chiseled_polished_black_permafrost_slab
building_blocks,331,zerog_tweaks:chiseled_polished_black_permafrost_wall
building_blocks,332,zerog_tweaks:solar_stone
building_blocks,333,zerog_tweaks:solar_stone_stairs
building_blocks,334,zerog_tweaks:solar_stone_slab
building_blocks,335,zerog_tweaks:solar_stone_wall
building_blocks,336,zerog_tweaks:cobbled_solar_stone
building_blocks,337,zerog_tweaks:cobbled_solar_stone_stairs
building_blocks,338,zerog_tweaks:cobbled_solar_stone_slab
building_blocks,339,zerog_tweaks:cobbled_solar_stone_wall
building_blocks,340,zerog_tweaks:smooth_solar_stone
building_blocks,341,zerog_tweaks:smooth_solar_stone_stairs
building_blocks,342,zerog_tweaks:smooth_solar_stone_slab
building_blocks,343,zerog_tweaks:smooth_solar_stone_wall
building_blocks,344,zerog_tweaks:polished_solar_stone
building_blocks,345,zerog_tweaks:polished_solar_stone_stairs
building_blocks,346,zerog_tweaks:polished_solar_stone_slab
building_blocks,347,zerog_tweaks:polished_solar_stone_wall
building_blocks,348,zerog_tweaks:solar_stone_bricks
building_blocks,349,zerog_tweaks:solar_stone_brick_stairs
building_blocks,350,zerog_tweaks:solar_stone_brick_slab
building_blocks,351,zerog_tweaks:solar_stone_brick_wall
building_blocks,352,zerog_tweaks:cracked_solar_stone_bricks
building_blocks,353,zerog_tweaks:cracked_solar_stone_brick_stairs
building_blocks,354,zerog_tweaks:cracked_solar_stone_brick_slab
building_blocks,355,zerog_tweaks:cracked_solar_stone_brick_wall
building_blocks,356,zerog_tweaks:chiseled_solar_stone
building_blocks,357,zerog_tweaks:chiseled_solar_stone_stairs
building_blocks,358,zerog_tweaks:chiseled_solar_stone_slab
building_blocks,359,zerog_tweaks:chiseled_solar_stone_wall
building_blocks,360,zerog_tweaks:polished_black_solar_stone
building_blocks,361,zerog_tweaks:polished_black_solar_stone_stairs
building_blocks,362,zerog_tweaks:polished_black_solar_stone_slab
building_blocks,363,zerog_tweaks:polished_black_solar_stone_wall
building_blocks,364,zerog_tweaks:polished_black_solar_stone_bricks
building_blocks,365,zerog_tweaks:polished_black_solar_stone_brick_stairs
building_blocks,366,zerog_tweaks:polished_black_solar_stone_brick_slab
building_blocks,367,zerog_tweaks:polished_black_solar_stone_brick_wall
building_blocks,368,zerog_tweaks:chiseled_polished_black_solar_stone
building_blocks,369,zerog_tweaks:chiseled_polished_black_solar_stone_stairs
building_blocks,370,zerog_tweaks:chiseled_polished_black_solar_stone_slab
building_blocks,371,zerog_tweaks:chiseled_polished_black_solar_stone_wall
building_blocks,372,zerog_tweaks:abyssal_stone
building_blocks,373,zerog_tweaks:abyssal_stone_stairs
building_blocks,374,zerog_tweaks:abyssal_stone_slab
building_blocks,375,zerog_tweaks:abyssal_stone_wall
building_blocks,376,zerog_tweaks:cobbled_abyssal_stone
building_blocks,377,zerog_tweaks:cobbled_abyssal_stone_stairs
building_blocks,378,zerog_tweaks:cobbled_abyssal_stone_slab
building_blocks,379,zerog_tweaks:cobbled_abyssal_stone_wall
building_blocks,380,zerog_tweaks:smooth_abyssal_stone
building_blocks,381,zerog_tweaks:smooth_abyssal_stone_stairs
building_blocks,382,zerog_tweaks:smooth_abyssal_stone_slab
building_blocks,383,zerog_tweaks:smooth_abyssal_stone_wall
building_blocks,384,zerog_tweaks:polished_abyssal_stone
building_blocks,385,zerog_tweaks:polished_abyssal_stone_stairs
building_blocks,386,zerog_tweaks:polished_abyssal_stone_slab
building_blocks,387,zerog_tweaks:polished_abyssal_stone_wall
building_blocks,388,zerog_tweaks:abyssal_stone_bricks
building_blocks,389,zerog_tweaks:abyssal_stone_brick_stairs
building_blocks,390,zerog_tweaks:abyssal_stone_brick_slab
building_blocks,391,zerog_tweaks:abyssal_stone_brick_wall
building_blocks,392,zerog_tweaks:cracked_abyssal_stone_bricks
building_blocks,393,zerog_tweaks:cracked_abyssal_stone_brick_stairs
building_blocks,394,zerog_tweaks:cracked_abyssal_stone_brick_slab
building_blocks,395,zerog_tweaks:cracked_abyssal_stone_brick_wall
building_blocks,396,zerog_tweaks:chiseled_abyssal_stone
building_blocks,397,zerog_tweaks:chiseled_abyssal_stone_stairs
building_blocks,398,zerog_tweaks:chiseled_abyssal_stone_slab
building_blocks,399,zerog_tweaks:chiseled_abyssal_stone_wall
building_blocks,400,zerog_tweaks:polished_black_abyssal_stone
building_blocks,401,zerog_tweaks:polished_black_abyssal_stone_stairs
building_blocks,402,zerog_tweaks:polished_black_abyssal_stone_slab
building_blocks,403,zerog_tweaks:polished_black_abyssal_stone_wall
building_blocks,404,zerog_tweaks:polished_black_abyssal_stone_bricks
building_blocks,405,zerog_tweaks:polished_black_abyssal_stone_brick_stairs
building_blocks,406,zerog_tweaks:polished_black_abyssal_stone_brick_slab
building_blocks,407,zerog_tweaks:polished_black_abyssal_stone_brick_wall
building_blocks,408,zerog_tweaks:chiseled_polished_black_abyssal_stone
building_blocks,409,zerog_tweaks:chiseled_polished_black_abyssal_stone_stairs
building_blocks,410,zerog_tweaks:chiseled_polished_black_abyssal_stone_slab
building_blocks,411,zerog_tweaks:chiseled_polished_black_abyssal_stone_wall
building_blocks,412,zerog_tweaks:sunbaked_stone
building_blocks,413,zerog_tweaks:sunbaked_stone_stairs
building_blocks,414,zerog_tweaks:sunbaked_stone_slab
building_blocks,415,zerog_tweaks:sunbaked_stone_wall
building_blocks,416,zerog_tweaks:cobbled_sunbaked_stone
building_blocks,417,zerog_tweaks:cobbled_sunbaked_stone_stairs
building_blocks,418,zerog_tweaks:cobbled_sunbaked_stone_slab
building_blocks,419,zerog_tweaks:cobbled_sunbaked_stone_wall
building_blocks,420,zerog_tweaks:smooth_sunbaked_stone
building_blocks,421,zerog_tweaks:smooth_sunbaked_stone_stairs
building_blocks,422,zerog_tweaks:smooth_sunbaked_stone_slab
building_blocks,423,zerog_tweaks:smooth_sunbaked_stone_wall
building_blocks,424,zerog_tweaks:polished_sunbaked_stone
building_blocks,425,zerog_tweaks:polished_sunbaked_stone_stairs
building_blocks,426,zerog_tweaks:polished_sunbaked_stone_slab
building_blocks,427,zerog_tweaks:polished_sunbaked_stone_wall
building_blocks,428,zerog_tweaks:sunbaked_stone_bricks
building_blocks,429,zerog_tweaks:sunbaked_stone_brick_stairs
building_blocks,430,zerog_tweaks:sunbaked_stone_brick_slab
building_blocks,431,zerog_tweaks:sunbaked_stone_brick_wall
building_blocks,432,zerog_tweaks:cracked_sunbaked_stone_bricks
building_blocks,433,zerog_tweaks:cracked_sunbaked_stone_brick_stairs
building_blocks,434,zerog_tweaks:cracked_sunbaked_stone_brick_slab
building_blocks,435,zerog_tweaks:cracked_sunbaked_stone_brick_wall
building_blocks,436,zerog_tweaks:chiseled_sunbaked_stone
building_blocks,437,zerog_tweaks:chiseled_sunbaked_stone_stairs
building_blocks,438,zerog_tweaks:chiseled_sunbaked_stone_slab
building_blocks,439,zerog_tweaks:chiseled_sunbaked_stone_wall
building_blocks,440,zerog_tweaks:polished_black_sunbaked_stone
building_blocks,441,zerog_tweaks:polished_black_sunbaked_stone_stairs
building_blocks,442,zerog_tweaks:polished_black_sunbaked_stone_slab
building_blocks,443,zerog_tweaks:polished_black_sunbaked_stone_wall
building_blocks,444,zerog_tweaks:polished_black_sunbaked_stone_bricks
building_blocks,445,zerog_tweaks:polished_black_sunbaked_stone_brick_stairs
building_blocks,446,zerog_tweaks:polished_black_sunbaked_stone_brick_slab
building_blocks,447,zerog_tweaks:polished_black_sunbaked_stone_brick_wall
building_blocks,448,zerog_tweaks:chiseled_polished_black_sunbaked_stone
building_blocks,449,zerog_tweaks:chiseled_polished_black_sunbaked_stone_stairs
building_blocks,450,zerog_tweaks:chiseled_polished_black_sunbaked_stone_slab
building_blocks,451,zerog_tweaks:chiseled_polished_black_sunbaked_stone_wall
building_blocks,452,zerog_tweaks:scoria
building_blocks,453,zerog_tweaks:scoria_stairs
building_blocks,454,zerog_tweaks:scoria_slab
building_blocks,455,zerog_tweaks:scoria_wall
building_blocks,456,zerog_tweaks:cobbled_scoria
building_blocks,457,zerog_tweaks:cobbled_scoria_stairs
building_blocks,458,zerog_tweaks:cobbled_scoria_slab
building_blocks,459,zerog_tweaks:cobbled_scoria_wall
building_blocks,460,zerog_tweaks:smooth_scoria
building_blocks,461,zerog_tweaks:smooth_scoria_stairs
building_blocks,462,zerog_tweaks:smooth_scoria_slab
building_blocks,463,zerog_tweaks:smooth_scoria_wall
building_blocks,464,zerog_tweaks:polished_scoria
building_blocks,465,zerog_tweaks:polished_scoria_stairs
building_blocks,466,zerog_tweaks:polished_scoria_slab
building_blocks,467,zerog_tweaks:polished_scoria_wall
building_blocks,468,zerog_tweaks:scoria_bricks
building_blocks,469,zerog_tweaks:scoria_brick_stairs
building_blocks,470,zerog_tweaks:scoria_brick_slab
building_blocks,471,zerog_tweaks:scoria_brick_wall
building_blocks,472,zerog_tweaks:cracked_scoria_bricks
building_blocks,473,zerog_tweaks:cracked_scoria_brick_stairs
building_blocks,474,zerog_tweaks:cracked_scoria_brick_slab
building_blocks,475,zerog_tweaks:cracked_scoria_brick_wall
building_blocks,476,zerog_tweaks:chiseled_scoria
building_blocks,477,zerog_tweaks:chiseled_scoria_stairs
building_blocks,478,zerog_tweaks:chiseled_scoria_slab
building_blocks,479,zerog_tweaks:chiseled_scoria_wall
building_blocks,480,zerog_tweaks:polished_black_scoria
building_blocks,481,zerog_tweaks:polished_black_scoria_stairs
building_blocks,482,zerog_tweaks:polished_black_scoria_slab
building_blocks,483,zerog_tweaks:polished_black_scoria_wall
building_blocks,484,zerog_tweaks:polished_black_scoria_bricks
building_blocks,485,zerog_tweaks:polished_black_scoria_brick_stairs
building_blocks,486,zerog_tweaks:polished_black_scoria_brick_slab
building_blocks,487,zerog_tweaks:polished_black_scoria_brick_wall
building_blocks,488,zerog_tweaks:chiseled_polished_black_scoria
building_blocks,489,zerog_tweaks:chiseled_polished_black_scoria_stairs
building_blocks,490,zerog_tweaks:chiseled_polished_black_scoria_slab
building_blocks,491,zerog_tweaks:chiseled_polished_black_scoria_wall
building_blocks,492,zerog_tweaks:frostrock
building_blocks,493,zerog_tweaks:frostrock_stairs
building_blocks,494,zerog_tweaks:frostrock_slab
building_blocks,495,zerog_tweaks:frostrock_wall
building_blocks,496,zerog_tweaks:cobbled_frostrock
building_blocks,497,zerog_tweaks:cobbled_frostrock_stairs
building_blocks,498,zerog_tweaks:cobbled_frostrock_slab
building_blocks,499,zerog_tweaks:cobbled_frostrock_wall
building_blocks,500,zerog_tweaks:smooth_frostrock
building_blocks,501,zerog_tweaks:smooth_frostrock_stairs
building_blocks,502,zerog_tweaks:smooth_frostrock_slab
building_blocks,503,zerog_tweaks:smooth_frostrock_wall
building_blocks,504,zerog_tweaks:polished_frostrock
building_blocks,505,zerog_tweaks:polished_frostrock_stairs
building_blocks,506,zerog_tweaks:polished_frostrock_slab
building_blocks,507,zerog_tweaks:polished_frostrock_wall
building_blocks,508,zerog_tweaks:frostrock_bricks
building_blocks,509,zerog_tweaks:frostrock_brick_stairs
building_blocks,510,zerog_tweaks:frostrock_brick_slab
building_blocks,511,zerog_tweaks:frostrock_brick_wall
building_blocks,512,zerog_tweaks:cracked_frostrock_bricks
building_blocks,513,zerog_tweaks:cracked_frostrock_brick_stairs
building_blocks,514,zerog_tweaks:cracked_frostrock_brick_slab
building_blocks,515,zerog_tweaks:cracked_frostrock_brick_wall
building_blocks,516,zerog_tweaks:chiseled_frostrock
building_blocks,517,zerog_tweaks:chiseled_frostrock_stairs
building_blocks,518,zerog_tweaks:chiseled_frostrock_slab
building_blocks,519,zerog_tweaks:chiseled_frostrock_wall
building_blocks,520,zerog_tweaks:polished_black_frostrock
building_blocks,521,zerog_tweaks:polished_black_frostrock_stairs
building_blocks,522,zerog_tweaks:polished_black_frostrock_slab
building_blocks,523,zerog_tweaks:polished_black_frostrock_wall
building_blocks,524,zerog_tweaks:polished_black_frostrock_bricks
building_blocks,525,zerog_tweaks:polished_black_frostrock_brick_stairs
building_blocks,526,zerog_tweaks:polished_black_frostrock_brick_slab
building_blocks,527,zerog_tweaks:polished_black_frostrock_brick_wall
building_blocks,528,zerog_tweaks:chiseled_polished_black_frostrock
building_blocks,529,zerog_tweaks:chiseled_polished_black_frostrock_stairs
building_blocks,530,zerog_tweaks:chiseled_polished_black_frostrock_slab
building_blocks,531,zerog_tweaks:chiseled_polished_black_frostrock_wall
building_blocks,532,zerog_tweaks:sludgestone
building_blocks,533,zerog_tweaks:sludgestone_stairs
building_blocks,534,zerog_tweaks:sludgestone_slab
building_blocks,535,zerog_tweaks:sludgestone_wall
building_blocks,536,zerog_tweaks:cobbled_sludgestone
building_blocks,537,zerog_tweaks:cobbled_sludgestone_stairs
building_blocks,538,zerog_tweaks:cobbled_sludgestone_slab
building_blocks,539,zerog_tweaks:cobbled_sludgestone_wall
building_blocks,540,zerog_tweaks:smooth_sludgestone
building_blocks,541,zerog_tweaks:smooth_sludgestone_stairs
building_blocks,542,zerog_tweaks:smooth_sludgestone_slab
building_blocks,543,zerog_tweaks:smooth_sludgestone_wall
building_blocks,544,zerog_tweaks:polished_sludgestone
building_blocks,545,zerog_tweaks:polished_sludgestone_stairs
building_blocks,546,zerog_tweaks:polished_sludgestone_slab
building_blocks,547,zerog_tweaks:polished_sludgestone_wall
building_blocks,548,zerog_tweaks:sludgestone_bricks
building_blocks,549,zerog_tweaks:sludgestone_brick_stairs
building_blocks,550,zerog_tweaks:sludgestone_brick_slab
building_blocks,551,zerog_tweaks:sludgestone_brick_wall
building_blocks,552,zerog_tweaks:cracked_sludgestone_bricks
building_blocks,553,zerog_tweaks:cracked_sludgestone_brick_stairs
building_blocks,554,zerog_tweaks:cracked_sludgestone_brick_slab
building_blocks,555,zerog_tweaks:cracked_sludgestone_brick_wall
building_blocks,556,zerog_tweaks:chiseled_sludgestone
building_blocks,557,zerog_tweaks:chiseled_sludgestone_stairs
building_blocks,558,zerog_tweaks:chiseled_sludgestone_slab
building_blocks,559,zerog_tweaks:chiseled_sludgestone_wall
building_blocks,560,zerog_tweaks:polished_black_sludgestone
building_blocks,561,zerog_tweaks:polished_black_sludgestone_stairs
building_blocks,562,zerog_tweaks:polished_black_sludgestone_slab
building_blocks,563,zerog_tweaks:polished_black_sludgestone_wall
building_blocks,564,zerog_tweaks:polished_black_sludgestone_bricks
building_blocks,565,zerog_tweaks:polished_black_sludgestone_brick_stairs
building_blocks,566,zerog_tweaks:polished_black_sludgestone_brick_slab
building_blocks,567,zerog_tweaks:polished_black_sludgestone_brick_wall
building_blocks,568,zerog_tweaks:chiseled_polished_black_sludgestone
building_blocks,569,zerog_tweaks:chiseled_polished_black_sludgestone_stairs
building_blocks,570,zerog_tweaks:chiseled_polished_black_sludgestone_slab
building_blocks,571,zerog_tweaks:chiseled_polished_black_sludgestone_wall
building_blocks,572,zerog_tweaks:prismstone
building_blocks,573,zerog_tweaks:prismstone_stairs
building_blocks,574,zerog_tweaks:prismstone_slab
building_blocks,575,zerog_tweaks:prismstone_wall
building_blocks,576,zerog_tweaks:cobbled_prismstone
building_blocks,577,zerog_tweaks:cobbled_prismstone_stairs
building_blocks,578,zerog_tweaks:cobbled_prismstone_slab
building_blocks,579,zerog_tweaks:cobbled_prismstone_wall
building_blocks,580,zerog_tweaks:smooth_prismstone
building_blocks,581,zerog_tweaks:smooth_prismstone_stairs
building_blocks,582,zerog_tweaks:smooth_prismstone_slab
building_blocks,583,zerog_tweaks:smooth_prismstone_wall
building_blocks,584,zerog_tweaks:polished_prismstone
building_blocks,585,zerog_tweaks:polished_prismstone_stairs
building_blocks,586,zerog_tweaks:polished_prismstone_slab
building_blocks,587,zerog_tweaks:polished_prismstone_wall
building_blocks,588,zerog_tweaks:prismstone_bricks
building_blocks,589,zerog_tweaks:prismstone_brick_stairs
building_blocks,590,zerog_tweaks:prismstone_brick_slab
building_blocks,591,zerog_tweaks:prismstone_brick_wall
building_blocks,592,zerog_tweaks:cracked_prismstone_bricks
building_blocks,593,zerog_tweaks:cracked_prismstone_brick_stairs
building_blocks,594,zerog_tweaks:cracked_prismstone_brick_slab
building_blocks,595,zerog_tweaks:cracked_prismstone_brick_wall
building_blocks,596,zerog_tweaks:chiseled_prismstone
building_blocks,597,zerog_tweaks:chiseled_prismstone_stairs
building_blocks,598,zerog_tweaks:chiseled_prismstone_slab
building_blocks,599,zerog_tweaks:chiseled_prismstone_wall
building_blocks,600,zerog_tweaks:polished_black_prismstone
building_blocks,601,zerog_tweaks:polished_black_prismstone_stairs
building_blocks,602,zerog_tweaks:polished_black_prismstone_slab
building_blocks,603,zerog_tweaks:polished_black_prismstone_wall
building_blocks,604,zerog_tweaks:polished_black_prismstone_bricks
building_blocks,605,zerog_tweaks:polished_black_prismstone_brick_stairs
building_blocks,606,zerog_tweaks:polished_black_prismstone_brick_slab
building_blocks,607,zerog_tweaks:polished_black_prismstone_brick_wall
building_blocks,608,zerog_tweaks:chiseled_polished_black_prismstone
building_blocks,609,zerog_tweaks:chiseled_polished_black_prismstone_stairs
building_blocks,610,zerog_tweaks:chiseled_polished_black_prismstone_slab
building_blocks,611,zerog_tweaks:chiseled_polished_black_prismstone_wall
building_blocks,612,zerog_tweaks:craterstone
building_blocks,613,zerog_tweaks:craterstone_stairs
building_blocks,614,zerog_tweaks:craterstone_slab
building_blocks,615,zerog_tweaks:craterstone_wall
building_blocks,616,zerog_tweaks:cobbled_craterstone
building_blocks,617,zerog_tweaks:cobbled_craterstone_stairs
building_blocks,618,zerog_tweaks:cobbled_craterstone_slab
building_blocks,619,zerog_tweaks:cobbled_craterstone_wall
building_blocks,620,zerog_tweaks:smooth_craterstone
building_blocks,621,zerog_tweaks:smooth_craterstone_stairs
building_blocks,622,zerog_tweaks:smooth_craterstone_slab
building_blocks,623,zerog_tweaks:smooth_craterstone_wall
building_blocks,624,zerog_tweaks:polished_craterstone
building_blocks,625,zerog_tweaks:polished_craterstone_stairs
building_blocks,626,zerog_tweaks:polished_craterstone_slab
building_blocks,627,zerog_tweaks:polished_craterstone_wall
building_blocks,628,zerog_tweaks:craterstone_bricks
building_blocks,629,zerog_tweaks:craterstone_brick_stairs
building_blocks,630,zerog_tweaks:craterstone_brick_slab
building_blocks,631,zerog_tweaks:craterstone_brick_wall
building_blocks,632,zerog_tweaks:cracked_craterstone_bricks
building_blocks,633,zerog_tweaks:cracked_craterstone_brick_stairs
building_blocks,634,zerog_tweaks:cracked_craterstone_brick_slab
building_blocks,635,zerog_tweaks:cracked_craterstone_brick_wall
building_blocks,636,zerog_tweaks:chiseled_craterstone
building_blocks,637,zerog_tweaks:chiseled_craterstone_stairs
building_blocks,638,zerog_tweaks:chiseled_craterstone_slab
building_blocks,639,zerog_tweaks:chiseled_craterstone_wall
building_blocks,640,zerog_tweaks:polished_black_craterstone
building_blocks,641,zerog_tweaks:polished_black_craterstone_stairs
building_blocks,642,zerog_tweaks:polished_black_craterstone_slab
building_blocks,643,zerog_tweaks:polished_black_craterstone_wall
building_blocks,644,zerog_tweaks:polished_black_craterstone_bricks
building_blocks,645,zerog_tweaks:polished_black_craterstone_brick_stairs
building_blocks,646,zerog_tweaks:polished_black_craterstone_brick_slab
building_blocks,647,zerog_tweaks:polished_black_craterstone_brick_wall
building_blocks,648,zerog_tweaks:chiseled_polished_black_craterstone
building_blocks,649,zerog_tweaks:chiseled_polished_black_craterstone_stairs
building_blocks,650,zerog_tweaks:chiseled_polished_black_craterstone_slab
building_blocks,651,zerog_tweaks:chiseled_polished_black_craterstone_wall
building_blocks,652,zerog_tweaks:hull_plating
building_blocks,653,zerog_tweaks:hull_plating_stairs
building_blocks,654,zerog_tweaks:hull_plating_slab
building_blocks,655,zerog_tweaks:hull_plating_wall
building_blocks,656,zerog_tweaks:corroded_hull
building_blocks,657,zerog_tweaks:corroded_hull_stairs
building_blocks,658,zerog_tweaks:corroded_hull_slab
building_blocks,659,zerog_tweaks:corroded_hull_wall
building_blocks,660,zerog_tweaks:polished_hull
building_blocks,661,zerog_tweaks:hull_bricks
building_blocks,662,zerog_tweaks:chiseled_hull
building_blocks,663,zerog_tweaks:olympium_plating
building_blocks,664,zerog_tweaks:olympium_plating_stairs
building_blocks,665,zerog_tweaks:olympium_plating_slab
building_blocks,666,zerog_tweaks:olympium_plating_wall
building_blocks,667,zerog_tweaks:radiant_bricks
building_blocks,668,zerog_tweaks:radiant_brick_stairs
building_blocks,669,zerog_tweaks:radiant_brick_slab
building_blocks,670,zerog_tweaks:radiant_brick_wall
building_blocks,671,zerog_tweaks:oxide_crust
building_blocks,672,zerog_tweaks:oxide_crust_stairs
building_blocks,673,zerog_tweaks:oxide_crust_slab
building_blocks,674,zerog_tweaks:oxide_crust_wall
building_blocks,675,zerog_tweaks:sunspot_rock
building_blocks,676,zerog_tweaks:sunspot_rock_stairs
building_blocks,677,zerog_tweaks:sunspot_rock_slab
building_blocks,678,zerog_tweaks:sunspot_rock_wall
building_blocks,679,zerog_tweaks:ruinstone
building_blocks,680,zerog_tweaks:ruinstone_stairs
building_blocks,681,zerog_tweaks:ruinstone_slab
building_blocks,682,zerog_tweaks:ruinstone_wall
building_blocks,683,zerog_tweaks:salt_crust
building_blocks,684,zerog_tweaks:salt_crust_stairs
building_blocks,685,zerog_tweaks:salt_crust_slab
building_blocks,686,zerog_tweaks:salt_crust_wall
building_blocks,687,zerog_tweaks:slag
building_blocks,688,zerog_tweaks:slag_stairs
building_blocks,689,zerog_tweaks:slag_slab
building_blocks,690,zerog_tweaks:slag_wall
building_blocks,691,zerog_tweaks:frozen_regolith
building_blocks,692,zerog_tweaks:frozen_regolith_stairs
building_blocks,693,zerog_tweaks:frozen_regolith_slab
building_blocks,694,zerog_tweaks:frozen_regolith_wall
building_blocks,695,zerog_tweaks:nullifite_block
building_blocks,696,zerog_tweaks:regolith_block
building_blocks,697,zerog_tweaks:moonsteel_block
building_blocks,698,zerog_tweaks:selenite_block
building_blocks,699,zerog_tweaks:ferrox_block
building_blocks,700,zerog_tweaks:olympium_block
building_blocks,701,zerog_tweaks:aresite_block
building_blocks,702,zerog_tweaks:nebulite_block
building_blocks,703,zerog_tweaks:cobaltium_block
building_blocks,704,zerog_tweaks:cyrrium_block
building_blocks,705,zerog_tweaks:aurelion_block
building_blocks,706,zerog_tweaks:pulsar_dust_block
building_blocks,707,zerog_tweaks:starlite_block
building_blocks,708,zerog_tweaks:cerulite_block
building_blocks,709,zerog_tweaks:lumenite_block
building_blocks,710,zerog_tweaks:emberite_block
building_blocks,711,zerog_tweaks:ruskite_block
building_blocks,712,zerog_tweaks:tectium_block
building_blocks,713,zerog_tweaks:pyrium_block
building_blocks,714,zerog_tweaks:tremor_dust_block
building_blocks,715,zerog_tweaks:rift_opal_block
building_blocks,716,zerog_tweaks:skarnite_block
building_blocks,717,zerog_tweaks:cinnabrite_block
building_blocks,718,zerog_tweaks:cryocite_block
building_blocks,719,zerog_tweaks:salvium_block
building_blocks,720,zerog_tweaks:wraithsteel_block
building_blocks,721,zerog_tweaks:palladine_block
building_blocks,722,zerog_tweaks:spectral_dust_block
building_blocks,723,zerog_tweaks:remnant_shard_block
building_blocks,724,zerog_tweaks:eidolite_block
building_blocks,725,zerog_tweaks:rimeglass_block
building_blocks,726,zerog_tweaks:coronite_block
building_blocks,727,zerog_tweaks:photium_block
building_blocks,728,zerog_tweaks:astrium_block
building_blocks,729,zerog_tweaks:radiantine_block
building_blocks,730,zerog_tweaks:fusion_dust_block
building_blocks,731,zerog_tweaks:nova_pearl_block
building_blocks,732,zerog_tweaks:solvanite_block
building_blocks,733,zerog_tweaks:dawnstone_block
building_blocks,734,zerog_tweaks:lunar_glass
building_blocks,735,zerog_tweaks:rust_glass
building_blocks,736,zerog_tweaks:crystal_glass
building_blocks,737,zerog_tweaks:frost_glass
building_blocks,738,zerog_tweaks:tide_glass
building_blocks,739,zerog_tweaks:dune_glass
building_blocks,740,zerog_tweaks:shimmer_glass
building_blocks,741,zerog_tweaks:refracting_glass
building_blocks,742,zerog_tweaks:slag_glass
building_blocks,743,zerog_tweaks:rift_glass
building_blocks,744,zerog_tweaks:glassy_obsidian
natural_blocks,0,zerog_tweaks:lunar_stone
natural_blocks,1,zerog_tweaks:mare_basalt
natural_blocks,2,zerog_tweaks:martian_stone
natural_blocks,3,zerog_tweaks:cerulean_stone
natural_blocks,4,zerog_tweaks:skarn_rock
natural_blocks,5,zerog_tweaks:scorched_marble
natural_blocks,6,zerog_tweaks:permafrost
natural_blocks,7,zerog_tweaks:solar_stone
natural_blocks,8,zerog_tweaks:abyssal_stone
natural_blocks,9,zerog_tweaks:sunbaked_stone
natural_blocks,10,zerog_tweaks:scoria
natural_blocks,11,zerog_tweaks:frostrock
natural_blocks,12,zerog_tweaks:sludgestone
natural_blocks,13,zerog_tweaks:prismstone
natural_blocks,14,zerog_tweaks:craterstone
natural_blocks,15,zerog_tweaks:regolith
natural_blocks,16,zerog_tweaks:crater_ice
natural_blocks,17,zerog_tweaks:rustsand
natural_blocks,18,zerog_tweaks:oxide_crust
natural_blocks,19,zerog_tweaks:polar_frost
natural_blocks,20,zerog_tweaks:azure_moss
natural_blocks,21,zerog_tweaks:crystal_sand
natural_blocks,22,zerog_tweaks:slag
natural_blocks,23,zerog_tweaks:ember_crust
natural_blocks,24,zerog_tweaks:frozen_regolith
natural_blocks,25,zerog_tweaks:phantom_ice
natural_blocks,26,zerog_tweaks:sunspot_rock
natural_blocks,27,zerog_tweaks:corona_crust
natural_blocks,28,zerog_tweaks:flare_vent
natural_blocks,29,zerog_tweaks:tidesand
natural_blocks,30,zerog_tweaks:dunesand
natural_blocks,31,zerog_tweaks:salt_crust
natural_blocks,32,zerog_tweaks:ashfall
natural_blocks,33,zerog_tweaks:vent_rock
natural_blocks,34,zerog_tweaks:snowpack
natural_blocks,35,zerog_tweaks:glacial_ice
natural_blocks,36,zerog_tweaks:toxic_mud
natural_blocks,37,zerog_tweaks:blightmoss
natural_blocks,38,zerog_tweaks:shimmer_sand
natural_blocks,39,zerog_tweaks:crater_dust
natural_blocks,40,zerog_tweaks:meteorite_fragment
natural_blocks,41,zerog_tweaks:deepslate_nullifite_ore
natural_blocks,42,zerog_tweaks:regolith_ore
natural_blocks,43,zerog_tweaks:moonsteel_ore
natural_blocks,44,zerog_tweaks:selenite_ore
natural_blocks,45,zerog_tweaks:ferrox_ore
natural_blocks,46,zerog_tweaks:olympium_ore
natural_blocks,47,zerog_tweaks:aresite_ore
natural_blocks,48,zerog_tweaks:nebulite_ore
natural_blocks,49,zerog_tweaks:cobaltium_ore
natural_blocks,50,zerog_tweaks:cyrrium_ore
natural_blocks,51,zerog_tweaks:aurelion_ore
natural_blocks,52,zerog_tweaks:pulsar_dust_ore
natural_blocks,53,zerog_tweaks:starlite_ore
natural_blocks,54,zerog_tweaks:cerulite_ore
natural_blocks,55,zerog_tweaks:lumenite_ore
natural_blocks,56,zerog_tweaks:emberite_ore
natural_blocks,57,zerog_tweaks:ruskite_ore
natural_blocks,58,zerog_tweaks:tectium_ore
natural_blocks,59,zerog_tweaks:pyrium_ore
natural_blocks,60,zerog_tweaks:tremor_dust_ore
natural_blocks,61,zerog_tweaks:rift_opal_ore
natural_blocks,62,zerog_tweaks:skarnite_ore
natural_blocks,63,zerog_tweaks:cinnabrite_ore
natural_blocks,64,zerog_tweaks:cryocite_ore
natural_blocks,65,zerog_tweaks:salvium_ore
natural_blocks,66,zerog_tweaks:wraithsteel_ore
natural_blocks,67,zerog_tweaks:palladine_ore
natural_blocks,68,zerog_tweaks:spectral_dust_ore
natural_blocks,69,zerog_tweaks:remnant_shard_ore
natural_blocks,70,zerog_tweaks:eidolite_ore
natural_blocks,71,zerog_tweaks:rimeglass_ore
natural_blocks,72,zerog_tweaks:coronite_ore
natural_blocks,73,zerog_tweaks:photium_ore
natural_blocks,74,zerog_tweaks:astrium_ore
natural_blocks,75,zerog_tweaks:radiantine_ore
natural_blocks,76,zerog_tweaks:fusion_dust_ore
natural_blocks,77,zerog_tweaks:nova_pearl_ore
natural_blocks,78,zerog_tweaks:solvanite_ore
natural_blocks,79,zerog_tweaks:dawnstone_ore
natural_blocks,80,zerog_tweaks:raw_nullifite_block
natural_blocks,81,zerog_tweaks:raw_moonsteel_block
natural_blocks,82,zerog_tweaks:raw_ferrox_block
natural_blocks,83,zerog_tweaks:raw_olympium_block
natural_blocks,84,zerog_tweaks:raw_cobaltium_block
natural_blocks,85,zerog_tweaks:raw_cyrrium_block
natural_blocks,86,zerog_tweaks:raw_aurelion_block
natural_blocks,87,zerog_tweaks:raw_ruskite_block
natural_blocks,88,zerog_tweaks:raw_tectium_block
natural_blocks,89,zerog_tweaks:raw_pyrium_block
natural_blocks,90,zerog_tweaks:raw_salvium_block
natural_blocks,91,zerog_tweaks:raw_wraithsteel_block
natural_blocks,92,zerog_tweaks:raw_palladine_block
natural_blocks,93,zerog_tweaks:raw_photium_block
natural_blocks,94,zerog_tweaks:raw_astrium_block
natural_blocks,95,zerog_tweaks:raw_radiantine_block
natural_blocks,96,zerog_tweaks:cerulean_geode_shell
natural_blocks,97,zerog_tweaks:budding_cerulite
natural_blocks,98,zerog_tweaks:cerulite_cluster
natural_blocks,99,zerog_tweaks:brine_crystal
natural_blocks,100,zerog_tweaks:frost_crystal
natural_blocks,101,zerog_tweaks:prism_cluster
natural_blocks,102,zerog_tweaks:shardwood_log
natural_blocks,103,zerog_tweaks:shardwood_leaves
natural_blocks,104,zerog_tweaks:shardwood_sapling
natural_blocks,105,zerog_tweaks:charwood_log
natural_blocks,106,zerog_tweaks:charwood_leaves
natural_blocks,107,zerog_tweaks:charwood_sapling
natural_blocks,108,zerog_tweaks:hoarwood_log
natural_blocks,109,zerog_tweaks:hoarwood_leaves
natural_blocks,110,zerog_tweaks:hoarwood_sapling
natural_blocks,111,zerog_tweaks:gildwood_log
natural_blocks,112,zerog_tweaks:gildwood_leaves
natural_blocks,113,zerog_tweaks:gildwood_sapling
natural_blocks,114,zerog_tweaks:starbloom
natural_blocks,115,zerog_tweaks:ghostbloom
natural_blocks,116,zerog_tweaks:solflower
natural_blocks,117,zerog_tweaks:frostfern
natural_blocks,118,zerog_tweaks:emberthorn
natural_blocks,119,zerog_tweaks:cinder_cap
natural_blocks,120,zerog_tweaks:lunar_lichen
natural_blocks,121,zerog_tweaks:rust_lichen
natural_blocks,122,zerog_tweaks:glowkelp
natural_blocks,123,zerog_tweaks:rust_tuber
natural_blocks,124,zerog_tweaks:skyberries
natural_blocks,125,zerog_tweaks:solflower_seeds
natural_blocks,126,zerog_tweaks:pyrefruit
functional_blocks,0,zerog_tweaks:selenite_lamp
functional_blocks,1,zerog_tweaks:pulsar_lamp
functional_blocks,2,zerog_tweaks:tremor_lamp
functional_blocks,3,zerog_tweaks:spectral_lantern
functional_blocks,4,zerog_tweaks:fusion_lamp
functional_blocks,5,zerog_tweaks:captains_lantern
functional_blocks,6,zerog_tweaks:combustion_generator
functional_blocks,7,zerog_tweaks:solar_array
functional_blocks,8,zerog_tweaks:fusion_reactor
functional_blocks,9,zerog_tweaks:ore_refinery
functional_blocks,10,zerog_tweaks:alloy_forge
functional_blocks,11,zerog_tweaks:crystal_growth_chamber
functional_blocks,12,zerog_tweaks:salvage_station
functional_blocks,13,zerog_tweaks:cyrrium_casing
functional_blocks,14,zerog_tweaks:tectium_casing
functional_blocks,15,zerog_tweaks:wraithsteel_casing
functional_blocks,16,zerog_tweaks:astrium_casing
functional_blocks,17,zerog_tweaks:gate_controller
functional_blocks,18,zerog_tweaks:gate_pad_plate
functional_blocks,19,zerog_tweaks:gate_pylon
functional_blocks,20,zerog_tweaks:gate_energy_port
functional_blocks,21,zerog_tweaks:gate_lens_housing
functional_blocks,22,zerog_tweaks:nullifite_gate_frame
functional_blocks,23,zerog_tweaks:moonsteel_gate_frame
functional_blocks,24,zerog_tweaks:cerulite_gate_frame
functional_blocks,25,zerog_tweaks:skarnite_gate_frame
functional_blocks,26,zerog_tweaks:eidolite_gate_frame
functional_blocks,27,zerog_tweaks:solvanite_gate_frame
functional_blocks,28,zerog_tweaks:landing_platform
functional_blocks,29,zerog_tweaks:crystal_cell
functional_blocks,30,zerog_tweaks:cryo_pod
functional_blocks,31,zerog_tweaks:broken_console
tools_and_utilities,0,zerog_tweaks:nullifite_shovel
tools_and_utilities,1,zerog_tweaks:nullifite_pickaxe
tools_and_utilities,2,zerog_tweaks:nullifite_axe
tools_and_utilities,3,zerog_tweaks:nullifite_hoe
tools_and_utilities,4,zerog_tweaks:ferrox_shovel
tools_and_utilities,5,zerog_tweaks:ferrox_pickaxe
tools_and_utilities,6,zerog_tweaks:ferrox_axe
tools_and_utilities,7,zerog_tweaks:ferrox_hoe
tools_and_utilities,8,zerog_tweaks:moonsteel_shovel
tools_and_utilities,9,zerog_tweaks:moonsteel_pickaxe
tools_and_utilities,10,zerog_tweaks:moonsteel_axe
tools_and_utilities,11,zerog_tweaks:moonsteel_hoe
tools_and_utilities,12,zerog_tweaks:olympium_shovel
tools_and_utilities,13,zerog_tweaks:olympium_pickaxe
tools_and_utilities,14,zerog_tweaks:olympium_axe
tools_and_utilities,15,zerog_tweaks:olympium_hoe
tools_and_utilities,16,zerog_tweaks:cobaltium_shovel
tools_and_utilities,17,zerog_tweaks:cobaltium_pickaxe
tools_and_utilities,18,zerog_tweaks:cobaltium_axe
tools_and_utilities,19,zerog_tweaks:cobaltium_hoe
tools_and_utilities,20,zerog_tweaks:cyrrium_shovel
tools_and_utilities,21,zerog_tweaks:cyrrium_pickaxe
tools_and_utilities,22,zerog_tweaks:cyrrium_axe
tools_and_utilities,23,zerog_tweaks:cyrrium_hoe
tools_and_utilities,24,zerog_tweaks:aurelion_shovel
tools_and_utilities,25,zerog_tweaks:aurelion_pickaxe
tools_and_utilities,26,zerog_tweaks:aurelion_axe
tools_and_utilities,27,zerog_tweaks:aurelion_hoe
tools_and_utilities,28,zerog_tweaks:cerulite_shovel
tools_and_utilities,29,zerog_tweaks:cerulite_pickaxe
tools_and_utilities,30,zerog_tweaks:cerulite_axe
tools_and_utilities,31,zerog_tweaks:cerulite_hoe
tools_and_utilities,32,zerog_tweaks:ruskite_shovel
tools_and_utilities,33,zerog_tweaks:ruskite_pickaxe
tools_and_utilities,34,zerog_tweaks:ruskite_axe
tools_and_utilities,35,zerog_tweaks:ruskite_hoe
tools_and_utilities,36,zerog_tweaks:tectium_shovel
tools_and_utilities,37,zerog_tweaks:tectium_pickaxe
tools_and_utilities,38,zerog_tweaks:tectium_axe
tools_and_utilities,39,zerog_tweaks:tectium_hoe
tools_and_utilities,40,zerog_tweaks:pyrium_shovel
tools_and_utilities,41,zerog_tweaks:pyrium_pickaxe
tools_and_utilities,42,zerog_tweaks:pyrium_axe
tools_and_utilities,43,zerog_tweaks:pyrium_hoe
tools_and_utilities,44,zerog_tweaks:skarnite_shovel
tools_and_utilities,45,zerog_tweaks:skarnite_pickaxe
tools_and_utilities,46,zerog_tweaks:skarnite_axe
tools_and_utilities,47,zerog_tweaks:skarnite_hoe
tools_and_utilities,48,zerog_tweaks:salvium_shovel
tools_and_utilities,49,zerog_tweaks:salvium_pickaxe
tools_and_utilities,50,zerog_tweaks:salvium_axe
tools_and_utilities,51,zerog_tweaks:salvium_hoe
tools_and_utilities,52,zerog_tweaks:wraithsteel_shovel
tools_and_utilities,53,zerog_tweaks:wraithsteel_pickaxe
tools_and_utilities,54,zerog_tweaks:wraithsteel_axe
tools_and_utilities,55,zerog_tweaks:wraithsteel_hoe
tools_and_utilities,56,zerog_tweaks:palladine_shovel
tools_and_utilities,57,zerog_tweaks:palladine_pickaxe
tools_and_utilities,58,zerog_tweaks:palladine_axe
tools_and_utilities,59,zerog_tweaks:palladine_hoe
tools_and_utilities,60,zerog_tweaks:eidolite_shovel
tools_and_utilities,61,zerog_tweaks:eidolite_pickaxe
tools_and_utilities,62,zerog_tweaks:eidolite_axe
tools_and_utilities,63,zerog_tweaks:eidolite_hoe
tools_and_utilities,64,zerog_tweaks:photium_shovel
tools_and_utilities,65,zerog_tweaks:photium_pickaxe
tools_and_utilities,66,zerog_tweaks:photium_axe
tools_and_utilities,67,zerog_tweaks:photium_hoe
tools_and_utilities,68,zerog_tweaks:astrium_shovel
tools_and_utilities,69,zerog_tweaks:astrium_pickaxe
tools_and_utilities,70,zerog_tweaks:astrium_axe
tools_and_utilities,71,zerog_tweaks:astrium_hoe
tools_and_utilities,72,zerog_tweaks:radiantine_shovel
tools_and_utilities,73,zerog_tweaks:radiantine_pickaxe
tools_and_utilities,74,zerog_tweaks:radiantine_axe
tools_and_utilities,75,zerog_tweaks:radiantine_hoe
tools_and_utilities,76,zerog_tweaks:solvanite_shovel
tools_and_utilities,77,zerog_tweaks:solvanite_pickaxe
tools_and_utilities,78,zerog_tweaks:solvanite_axe
tools_and_utilities,79,zerog_tweaks:solvanite_hoe
tools_and_utilities,80,zerog_tweaks:galaxy_3_gate_key
tools_and_utilities,81,zerog_tweaks:galaxy_4_gate_key
tools_and_utilities,82,zerog_tweaks:galaxy_5_gate_key
tools_and_utilities,83,zerog_tweaks:star_map_fragment
tools_and_utilities,84,zerog_tweaks:refracting_lens
tools_and_utilities,85,zerog_tweaks:cryo_core
tools_and_utilities,86,zerog_tweaks:capacity_coil
tools_and_utilities,87,zerog_tweaks:sentinel_prism
tools_and_utilities,88,zerog_tweaks:colossus_core
combat,0,zerog_tweaks:nullifite_sword
combat,1,zerog_tweaks:nullifite_axe
combat,2,zerog_tweaks:ferrox_sword
combat,3,zerog_tweaks:ferrox_axe
combat,4,zerog_tweaks:moonsteel_sword
combat,5,zerog_tweaks:moonsteel_axe
combat,6,zerog_tweaks:olympium_sword
combat,7,zerog_tweaks:olympium_axe
combat,8,zerog_tweaks:cobaltium_sword
combat,9,zerog_tweaks:cobaltium_axe
combat,10,zerog_tweaks:cyrrium_sword
combat,11,zerog_tweaks:cyrrium_axe
combat,12,zerog_tweaks:aurelion_sword
combat,13,zerog_tweaks:aurelion_axe
combat,14,zerog_tweaks:cerulite_sword
combat,15,zerog_tweaks:cerulite_axe
combat,16,zerog_tweaks:ruskite_sword
combat,17,zerog_tweaks:ruskite_axe
combat,18,zerog_tweaks:tectium_sword
combat,19,zerog_tweaks:tectium_axe
combat,20,zerog_tweaks:pyrium_sword
combat,21,zerog_tweaks:pyrium_axe
combat,22,zerog_tweaks:skarnite_sword
combat,23,zerog_tweaks:skarnite_axe
combat,24,zerog_tweaks:salvium_sword
combat,25,zerog_tweaks:salvium_axe
combat,26,zerog_tweaks:wraithsteel_sword
combat,27,zerog_tweaks:wraithsteel_axe
combat,28,zerog_tweaks:palladine_sword
combat,29,zerog_tweaks:palladine_axe
combat,30,zerog_tweaks:eidolite_sword
combat,31,zerog_tweaks:eidolite_axe
combat,32,zerog_tweaks:photium_sword
combat,33,zerog_tweaks:photium_axe
combat,34,zerog_tweaks:astrium_sword
combat,35,zerog_tweaks:astrium_axe
combat,36,zerog_tweaks:radiantine_sword
combat,37,zerog_tweaks:radiantine_axe
combat,38,zerog_tweaks:solvanite_sword
combat,39,zerog_tweaks:solvanite_axe
combat,40,zerog_tweaks:nullifite_helmet
combat,41,zerog_tweaks:nullifite_chestplate
combat,42,zerog_tweaks:nullifite_leggings
combat,43,zerog_tweaks:nullifite_boots
combat,44,zerog_tweaks:ferrox_helmet
combat,45,zerog_tweaks:ferrox_chestplate
combat,46,zerog_tweaks:ferrox_leggings
combat,47,zerog_tweaks:ferrox_boots
combat,48,zerog_tweaks:moonsteel_helmet
combat,49,zerog_tweaks:moonsteel_chestplate
combat,50,zerog_tweaks:moonsteel_leggings
combat,51,zerog_tweaks:moonsteel_boots
combat,52,zerog_tweaks:olympium_helmet
combat,53,zerog_tweaks:olympium_chestplate
combat,54,zerog_tweaks:olympium_leggings
combat,55,zerog_tweaks:olympium_boots
combat,56,zerog_tweaks:cobaltium_helmet
combat,57,zerog_tweaks:cobaltium_chestplate
combat,58,zerog_tweaks:cobaltium_leggings
combat,59,zerog_tweaks:cobaltium_boots
combat,60,zerog_tweaks:cyrrium_helmet
combat,61,zerog_tweaks:cyrrium_chestplate
combat,62,zerog_tweaks:cyrrium_leggings
combat,63,zerog_tweaks:cyrrium_boots
combat,64,zerog_tweaks:aurelion_helmet
combat,65,zerog_tweaks:aurelion_chestplate
combat,66,zerog_tweaks:aurelion_leggings
combat,67,zerog_tweaks:aurelion_boots
combat,68,zerog_tweaks:cerulite_helmet
combat,69,zerog_tweaks:cerulite_chestplate
combat,70,zerog_tweaks:cerulite_leggings
combat,71,zerog_tweaks:cerulite_boots
combat,72,zerog_tweaks:ruskite_helmet
combat,73,zerog_tweaks:ruskite_chestplate
combat,74,zerog_tweaks:ruskite_leggings
combat,75,zerog_tweaks:ruskite_boots
combat,76,zerog_tweaks:tectium_helmet
combat,77,zerog_tweaks:tectium_chestplate
combat,78,zerog_tweaks:tectium_leggings
combat,79,zerog_tweaks:tectium_boots
combat,80,zerog_tweaks:pyrium_helmet
combat,81,zerog_tweaks:pyrium_chestplate
combat,82,zerog_tweaks:pyrium_leggings
combat,83,zerog_tweaks:pyrium_boots
combat,84,zerog_tweaks:skarnite_helmet
combat,85,zerog_tweaks:skarnite_chestplate
combat,86,zerog_tweaks:skarnite_leggings
combat,87,zerog_tweaks:skarnite_boots
combat,88,zerog_tweaks:salvium_helmet
combat,89,zerog_tweaks:salvium_chestplate
combat,90,zerog_tweaks:salvium_leggings
combat,91,zerog_tweaks:salvium_boots
combat,92,zerog_tweaks:wraithsteel_helmet
combat,93,zerog_tweaks:wraithsteel_chestplate
combat,94,zerog_tweaks:wraithsteel_leggings
combat,95,zerog_tweaks:wraithsteel_boots
combat,96,zerog_tweaks:palladine_helmet
combat,97,zerog_tweaks:palladine_chestplate
combat,98,zerog_tweaks:palladine_leggings
combat,99,zerog_tweaks:palladine_boots
combat,100,zerog_tweaks:eidolite_helmet
combat,101,zerog_tweaks:eidolite_chestplate
combat,102,zerog_tweaks:eidolite_leggings
combat,103,zerog_tweaks:eidolite_boots
combat,104,zerog_tweaks:photium_helmet
combat,105,zerog_tweaks:photium_chestplate
combat,106,zerog_tweaks:photium_leggings
combat,107,zerog_tweaks:photium_boots
combat,108,zerog_tweaks:astrium_helmet
combat,109,zerog_tweaks:astrium_chestplate
combat,110,zerog_tweaks:astrium_leggings
combat,111,zerog_tweaks:astrium_boots
combat,112,zerog_tweaks:radiantine_helmet
combat,113,zerog_tweaks:radiantine_chestplate
combat,114,zerog_tweaks:radiantine_leggings
combat,115,zerog_tweaks:radiantine_boots
combat,116,zerog_tweaks:solvanite_helmet
combat,117,zerog_tweaks:solvanite_chestplate
combat,118,zerog_tweaks:solvanite_leggings
combat,119,zerog_tweaks:solvanite_boots
combat,120,zerog_tweaks:abyssal_pearl
combat,121,zerog_tweaks:heatproof_plating
combat,122,zerog_tweaks:neutralizer
combat,123,zerog_tweaks:rust_shell
food_and_drinks,0,zerog_tweaks:skyberries
food_and_drinks,1,zerog_tweaks:pyrefruit
food_and_drinks,2,zerog_tweaks:rust_tuber
food_and_drinks,3,zerog_tweaks:baked_tuber
food_and_drinks,4,zerog_tweaks:roasted_solflower_seeds
food_and_drinks,5,zerog_tweaks:lichen_crisps
food_and_drinks,6,zerog_tweaks:crawler_leg
food_and_drinks,7,zerog_tweaks:roasted_crawler_leg
food_and_drinks,8,zerog_tweaks:hopper_meat
food_and_drinks,9,zerog_tweaks:cooked_hopper
food_and_drinks,10,zerog_tweaks:grazer_steak
food_and_drinks,11,zerog_tweaks:seared_grazer_steak
food_and_drinks,12,zerog_tweaks:beetle_grub
food_and_drinks,13,zerog_tweaks:toasted_grub
food_and_drinks,14,zerog_tweaks:stag_venison
food_and_drinks,15,zerog_tweaks:cooked_venison
food_and_drinks,16,zerog_tweaks:fowl
food_and_drinks,17,zerog_tweaks:roast_fowl
food_and_drinks,18,zerog_tweaks:glimmerfish
food_and_drinks,19,zerog_tweaks:cooked_glimmerfish
food_and_drinks,20,zerog_tweaks:boar_chop
food_and_drinks,21,zerog_tweaks:smoked_boar_chop
food_and_drinks,22,zerog_tweaks:scorch_tail
food_and_drinks,23,zerog_tweaks:grilled_scorch_tail
food_and_drinks,24,zerog_tweaks:yak_meat
food_and_drinks,25,zerog_tweaks:yak_roast
food_and_drinks,26,zerog_tweaks:gildcrab_meat
food_and_drinks,27,zerog_tweaks:cooked_gildcrab
food_and_drinks,28,zerog_tweaks:eel_fillet
food_and_drinks,29,zerog_tweaks:cooked_eel
food_and_drinks,30,zerog_tweaks:burrower_steak
food_and_drinks,31,zerog_tweaks:cooked_burrower_steak
food_and_drinks,32,zerog_tweaks:lurker_leg
food_and_drinks,33,zerog_tweaks:crispy_lurker_leg
food_and_drinks,34,zerog_tweaks:skitter_leg
food_and_drinks,35,zerog_tweaks:roasted_skitter_leg
food_and_drinks,36,zerog_tweaks:orbit_burger
food_and_drinks,37,zerog_tweaks:nebula_pie
food_and_drinks,38,zerog_tweaks:low_g_jelly
food_and_drinks,39,zerog_tweaks:astronaut_ration
food_and_drinks,40,zerog_tweaks:ration_pack
food_and_drinks,41,zerog_tweaks:cinder_cap_stew
food_and_drinks,42,zerog_tweaks:ember_chili
food_and_drinks,43,zerog_tweaks:cryo_chowder
food_and_drinks,44,zerog_tweaks:starfall_feast
food_and_drinks,45,zerog_tweaks:frostfern_tea
food_and_drinks,46,zerog_tweaks:frost_milk
food_and_drinks,47,zerog_tweaks:shardwood_syrup
ingredients,0,zerog_tweaks:raw_nullifite
ingredients,1,zerog_tweaks:nullifite_nugget
ingredients,2,zerog_tweaks:nullifite_ingot
ingredients,3,zerog_tweaks:regolith
ingredients,4,zerog_tweaks:raw_moonsteel
ingredients,5,zerog_tweaks:moonsteel_nugget
ingredients,6,zerog_tweaks:moonsteel_ingot
ingredients,7,zerog_tweaks:selenite
ingredients,8,zerog_tweaks:raw_ferrox
ingredients,9,zerog_tweaks:ferrox_nugget
ingredients,10,zerog_tweaks:ferrox_ingot
ingredients,11,zerog_tweaks:raw_olympium
ingredients,12,zerog_tweaks:olympium_nugget
ingredients,13,zerog_tweaks:olympium_ingot
ingredients,14,zerog_tweaks:aresite
ingredients,15,zerog_tweaks:nebulite
ingredients,16,zerog_tweaks:raw_cobaltium
ingredients,17,zerog_tweaks:cobaltium_nugget
ingredients,18,zerog_tweaks:cobaltium_ingot
ingredients,19,zerog_tweaks:raw_cyrrium
ingredients,20,zerog_tweaks:cyrrium_nugget
ingredients,21,zerog_tweaks:cyrrium_ingot
ingredients,22,zerog_tweaks:raw_aurelion
ingredients,23,zerog_tweaks:aurelion_nugget
ingredients,24,zerog_tweaks:aurelion_ingot
ingredients,25,zerog_tweaks:pulsar_dust
ingredients,26,zerog_tweaks:starlite
ingredients,27,zerog_tweaks:cerulite
ingredients,28,zerog_tweaks:lumenite
ingredients,29,zerog_tweaks:emberite
ingredients,30,zerog_tweaks:raw_ruskite
ingredients,31,zerog_tweaks:ruskite_nugget
ingredients,32,zerog_tweaks:ruskite_ingot
ingredients,33,zerog_tweaks:raw_tectium
ingredients,34,zerog_tweaks:tectium_nugget
ingredients,35,zerog_tweaks:tectium_ingot
ingredients,36,zerog_tweaks:raw_pyrium
ingredients,37,zerog_tweaks:pyrium_nugget
ingredients,38,zerog_tweaks:pyrium_ingot
ingredients,39,zerog_tweaks:tremor_dust
ingredients,40,zerog_tweaks:rift_opal
ingredients,41,zerog_tweaks:skarnite
ingredients,42,zerog_tweaks:cinnabrite
ingredients,43,zerog_tweaks:cryocite
ingredients,44,zerog_tweaks:raw_salvium
ingredients,45,zerog_tweaks:salvium_nugget
ingredients,46,zerog_tweaks:salvium_ingot
ingredients,47,zerog_tweaks:raw_wraithsteel
ingredients,48,zerog_tweaks:wraithsteel_nugget
ingredients,49,zerog_tweaks:wraithsteel_ingot
ingredients,50,zerog_tweaks:raw_palladine
ingredients,51,zerog_tweaks:palladine_nugget
ingredients,52,zerog_tweaks:palladine_ingot
ingredients,53,zerog_tweaks:spectral_dust
ingredients,54,zerog_tweaks:remnant_shard
ingredients,55,zerog_tweaks:eidolite
ingredients,56,zerog_tweaks:rimeglass
ingredients,57,zerog_tweaks:coronite
ingredients,58,zerog_tweaks:raw_photium
ingredients,59,zerog_tweaks:photium_nugget
ingredients,60,zerog_tweaks:photium_ingot
ingredients,61,zerog_tweaks:raw_astrium
ingredients,62,zerog_tweaks:astrium_nugget
ingredients,63,zerog_tweaks:astrium_ingot
ingredients,64,zerog_tweaks:raw_radiantine
ingredients,65,zerog_tweaks:radiantine_nugget
ingredients,66,zerog_tweaks:radiantine_ingot
ingredients,67,zerog_tweaks:fusion_dust
ingredients,68,zerog_tweaks:nova_pearl
ingredients,69,zerog_tweaks:solvanite
ingredients,70,zerog_tweaks:dawnstone
ingredients,71,zerog_tweaks:stardust
ingredients,72,zerog_tweaks:solar_spark
ingredients,73,zerog_tweaks:crystal_hide
ingredients,74,zerog_tweaks:cinder_pelt
ingredients,75,zerog_tweaks:frost_pelt
ingredients,76,zerog_tweaks:hopper_fluff
ingredients,77,zerog_tweaks:grazer_hide
ingredients,78,zerog_tweaks:azure_feather
ingredients,79,zerog_tweaks:blue_egg
ingredients,80,zerog_tweaks:glimmer_scale
ingredients,81,zerog_tweaks:boar_tusk
ingredients,82,zerog_tweaks:scorch_scale
ingredients,83,zerog_tweaks:yak_wool
ingredients,84,zerog_tweaks:leech_gel
ingredients,85,zerog_tweaks:gildcrab_shell
ingredients,86,zerog_tweaks:eel_skin
ingredients,87,zerog_tweaks:burrower_scale
ingredients,88,zerog_tweaks:skitter_carapace
ingredients,89,zerog_tweaks:venom_gland
ingredients,90,zerog_tweaks:rift_heart
ingredients,91,zerog_tweaks:heart_of_solvane
ingredients,92,zerog_tweaks:olympium_upgrade_smithing_template
ingredients,93,zerog_tweaks:cerulite_upgrade_smithing_template
ingredients,94,zerog_tweaks:skarnite_upgrade_smithing_template
ingredients,95,zerog_tweaks:eidolite_upgrade_smithing_template
ingredients,96,zerog_tweaks:solvanite_upgrade_smithing_template
ingredients,97,zerog_tweaks:fracture_armor_trim_smithing_template
ingredients,98,zerog_tweaks:crater_armor_trim_smithing_template
ingredients,99,zerog_tweaks:olympus_armor_trim_smithing_template
ingredients,100,zerog_tweaks:geode_armor_trim_smithing_template
ingredients,101,zerog_tweaks:rift_armor_trim_smithing_template
ingredients,102,zerog_tweaks:hull_armor_trim_smithing_template
ingredients,103,zerog_tweaks:corona_armor_trim_smithing_template
ingredients,104,zerog_tweaks:surge_armor_trim_smithing_template
ingredients,105,zerog_tweaks:prism_armor_trim_smithing_template
ingredients,106,zerog_tweaks:meteor_armor_trim_smithing_template
spawn_eggs,0,zerog_tweaks:amethyst_stalker_spawn_egg
spawn_eggs,1,zerog_tweaks:ash_strider_spawn_egg
spawn_eggs,2,zerog_tweaks:azure_fowl_spawn_egg
spawn_eggs,3,zerog_tweaks:bog_lurker_spawn_egg
spawn_eggs,4,zerog_tweaks:cinder_hound_spawn_egg
spawn_eggs,5,zerog_tweaks:crater_drifter_spawn_egg
spawn_eggs,6,zerog_tweaks:crystal_stag_spawn_egg
spawn_eggs,7,zerog_tweaks:deep_eel_spawn_egg
spawn_eggs,8,zerog_tweaks:dune_burrower_spawn_egg
spawn_eggs,9,zerog_tweaks:dust_grazer_spawn_egg
spawn_eggs,10,zerog_tweaks:dying_star_spawn_egg
spawn_eggs,11,zerog_tweaks:eidolon_captain_spawn_egg
spawn_eggs,12,zerog_tweaks:flare_sprite_spawn_egg
spawn_eggs,13,zerog_tweaks:frost_warden_spawn_egg
spawn_eggs,14,zerog_tweaks:frost_yak_spawn_egg
spawn_eggs,15,zerog_tweaks:gildcrab_spawn_egg
spawn_eggs,16,zerog_tweaks:glimmerfish_spawn_egg
spawn_eggs,17,zerog_tweaks:hollow_sentinel_spawn_egg
spawn_eggs,18,zerog_tweaks:ice_leech_spawn_egg
spawn_eggs,19,zerog_tweaks:meteor_maw_spawn_egg
spawn_eggs,20,zerog_tweaks:moon_hopper_spawn_egg
spawn_eggs,21,zerog_tweaks:mossback_spawn_egg
spawn_eggs,22,zerog_tweaks:prism_sentinel_spawn_egg
spawn_eggs,23,zerog_tweaks:prismling_spawn_egg
spawn_eggs,24,zerog_tweaks:regolith_crawler_spawn_egg
spawn_eggs,25,zerog_tweaks:rift_tyrant_spawn_egg
spawn_eggs,26,zerog_tweaks:rime_stalker_spawn_egg
spawn_eggs,27,zerog_tweaks:rust_beetle_spawn_egg
spawn_eggs,28,zerog_tweaks:sand_skitter_spawn_egg
spawn_eggs,29,zerog_tweaks:scorch_wyrmling_spawn_egg
spawn_eggs,30,zerog_tweaks:shardmother_spawn_egg
spawn_eggs,31,zerog_tweaks:slag_boar_spawn_egg
spawn_eggs,32,zerog_tweaks:slagjaw_spawn_egg
spawn_eggs,33,zerog_tweaks:splinter_mite_spawn_egg
spawn_eggs,34,zerog_tweaks:splinter_wisp_spawn_egg
spawn_eggs,35,zerog_tweaks:stormbitten_wyvern_spawn_egg
spawn_eggs,36,zerog_tweaks:sun_colossus_spawn_egg
spawn_eggs,37,zerog_tweaks:tidewraith_spawn_egg
