egg,name,base,spots,entity_ids
zerog_tweaks:amethyst_stalker_spawn_egg,Amethyst Stalker,#3B3052,#C9A8FF,shatteredskies:amethyst_stalker zerog_tweaks:amethyst_stalker
zerog_tweaks:ash_strider_spawn_egg,Ash Strider,#1A1A1A,#FF8A2A,zerog_tweaks:ash_strider
zerog_tweaks:azure_fowl_spawn_egg,Azure Fowl,#4A8AD0,#3FC9E8,zerog_tweaks:azure_fowl
zerog_tweaks:bog_lurker_spawn_egg,Bog Lurker,#4A5A3A,#E8FF80,zerog_tweaks:bog_lurker
zerog_tweaks:cinder_hound_spawn_egg,Cinder Hound,#221C1A,#FFD070,zerog_tweaks:cinder_hound
zerog_tweaks:crater_drifter_spawn_egg,Crater Drifter,#3A3A3A,#CFCFCF,zerog_tweaks:crater_drifter
zerog_tweaks:crystal_stag_spawn_egg,Crystal Stag,#2C3D57,#3FC9E8,zerog_tweaks:crystal_stag
zerog_tweaks:deep_eel_spawn_egg,Deep Eel,#5A6A7A,#9FF0F0,zerog_tweaks:deep_eel
zerog_tweaks:dune_burrower_spawn_egg,Dune Burrower,#D8C090,#F0E6D0,zerog_tweaks:dune_burrower
zerog_tweaks:dust_grazer_spawn_egg,Dust Grazer,#C4683A,#E8D0B0,zerog_tweaks:dust_grazer
zerog_tweaks:dying_star_spawn_egg,The Dying Star,#F08A14,#FFF0A0,zerog_tweaks:dying_star
zerog_tweaks:eidolon_captain_spawn_egg,Eidolon Captain,#2A4050,#C4E0EC,zerog_tweaks:eidolon_captain
zerog_tweaks:flare_sprite_spawn_egg,Flare Sprite,#FFA030,#FFF0A0,zerog_tweaks:flare_sprite
zerog_tweaks:frost_warden_spawn_egg,Frost Warden,#5E6E74,#9FF0F0,zerog_tweaks:frost_warden
zerog_tweaks:frost_yak_spawn_egg,Frost Yak,#A6B6C0,#3A464C,zerog_tweaks:frost_yak
zerog_tweaks:gildcrab_spawn_egg,Gildcrab,#E0A010,#FFFFFF,zerog_tweaks:gildcrab
zerog_tweaks:glimmerfish_spawn_egg,Glimmerfish,#3FC9E8,#B0F2FF,zerog_tweaks:glimmerfish
zerog_tweaks:hollow_sentinel_spawn_egg,Hollow Sentinel,#7F8A96,#C9A8FF,shatteredskies:hollow_sentinel zerog_tweaks:hollow_sentinel
zerog_tweaks:ice_leech_spawn_egg,Ice Leech,#6AD0C0,#D0FBFB,zerog_tweaks:ice_leech
zerog_tweaks:meteor_maw_spawn_egg,Meteor Maw,#3E3739,#C9A8FF,shatteredskies:meteor_maw zerog_tweaks:meteor_maw
zerog_tweaks:moon_hopper_spawn_egg,Moon Hopper,#ECEEF2,#E8A0B0,zerog_tweaks:moon_hopper
zerog_tweaks:mossback_spawn_egg,Mossback,#5A4230,#C9A8FF,shatteredskies:mossback zerog_tweaks:mossback
zerog_tweaks:prism_sentinel_spawn_egg,Prism Sentinel,#3FC9E8,#E0DCB8,zerog_tweaks:prism_sentinel
zerog_tweaks:prismling_spawn_egg,Prismling,#1592B8,#E8FFFF,zerog_tweaks:prismling
zerog_tweaks:regolith_crawler_spawn_egg,Regolith Crawler,#9A9AA0,#6FE0FF,zerog_tweaks:regolith_crawler
zerog_tweaks:rift_tyrant_spawn_egg,Rift Tyrant,#2E2624,#B48CFF,zerog_tweaks:rift_tyrant
zerog_tweaks:rime_stalker_spawn_egg,Rime Stalker,#DCE6EC,#7AE8FF,zerog_tweaks:rime_stalker
zerog_tweaks:rust_beetle_spawn_egg,Rust Beetle,#9C4424,#E89A62,zerog_tweaks:rust_beetle
zerog_tweaks:sand_skitter_spawn_egg,Sand Skitter,#C8A868,#8AC040,zerog_tweaks:sand_skitter
zerog_tweaks:scorch_wyrmling_spawn_egg,Scorch Wyrmling,#E8661E,#FFB040,zerog_tweaks:scorch_wyrmling
zerog_tweaks:shardmother_spawn_egg,Shardmother,#3B3150,#C9A8FF,shatteredskies:shardmother zerog_tweaks:shardmother
zerog_tweaks:slag_boar_spawn_egg,Slag Boar,#3E2A20,#8A8A8A,zerog_tweaks:slag_boar
zerog_tweaks:slagjaw_spawn_egg,Slagjaw,#8A8683,#C9A8FF,shatteredskies:slagjaw zerog_tweaks:slagjaw
zerog_tweaks:splinter_mite_spawn_egg,Splinter Mite,#4A3F66,#C9A8FF,shatteredskies:splinter_mite zerog_tweaks:splinter_mite
zerog_tweaks:splinter_wisp_spawn_egg,Splinter Wisp,#C9A8FF,#E6D4FF,shatteredskies:splinter_wisp zerog_tweaks:splinter_wisp
zerog_tweaks:stormbitten_wyvern_spawn_egg,Stormbitten Wyvern,#4F8F7A,#C9A8FF,shatteredskies:stormbitten_wyvern zerog_tweaks:stormbitten_wyvern
zerog_tweaks:sun_colossus_spawn_egg,Sun Colossus,#7A3C1A,#FFF0A0,zerog_tweaks:sun_colossus
zerog_tweaks:tidewraith_spawn_egg,Tidewraith,#35557A,#C9A8FF,shatteredskies:tidewraith zerog_tweaks:tidewraith
